S.No,L,W,F,S11
1,16.24,22.66,4.24,-17.35802195
2,16.64,22.66,4.14,-17.07160923
3,17.04,22.66,4.06,-16.99912329
4,17.44,22.66,3.99,-16.79111539
5,17.84,22.66,3.9,-16.53789429
6,18.24,22.66,3.84,-16.50135049
7,18.64,22.66,3.76,-16.1038611
8,19.04,22.66,3.69,-15.94854562
9,19.44,22.66,3.63,-15.6950845
10,19.84,22.66,3.56,-15.35539554
11,20.24,22.66,3.5,-15.07599006
12,20.64,22.66,3.44,-14.71881588
13,21.04,22.66,3.38,-14.89791368
14,21.44,22.66,3.28,-4.825832935
15,21.84,22.66,3.22,-4.687005785
16,22.24,22.66,3.15,-4.600162825
17,22.64,22.66,3.1,-4.544711213
18,23.04,22.66,3.04,-4.493971907
19,23.44,22.66,2.99,-4.479812848
20,23.84,22.66,2.94,-4.460644106
21,24.24,22.66,2.89,-4.442835424
22,24.64,22.66,2.84,-4.431008855
23,25.04,22.66,2.8,-4.436394117
24,25.44,22.66,2.76,-4.440608129
25,25.84,22.66,2.71,-4.42495316
26,26.24,22.66,2.67,-4.434571883
27,16.24,23.06,4.2,-18.50129282
28,16.64,23.06,4.12,-18.18942232
29,17.04,23.06,4.05,-17.94994084
30,17.44,23.06,3.98,-17.73071075
31,17.84,23.06,3.89,-17.28063847
32,18.24,23.06,3.82,-17.10446958
33,18.64,23.06,3.75,-16.88865213
34,19.04,23.06,3.69,-16.94218468
35,19.44,23.06,3.62,-16.32425613
36,19.84,23.06,3.56,-16.11448742
37,20.24,23.06,3.5,-15.64727929
38,20.64,23.06,3.44,-15.44799277
39,21.04,23.06,3.38,-15.56004056
40,21.44,23.06,3.28,-4.950739418
41,21.84,23.06,3.21,-4.786222229
42,22.24,23.06,3.15,-4.698806756
43,22.64,23.06,3.09,-4.64867089
44,23.04,23.06,3.04,-4.608085473
45,23.44,23.06,2.98,-4.560424292
46,23.84,23.06,2.93,-4.557370157
47,24.24,23.06,2.89,-4.530575249
48,24.64,23.06,2.84,-4.541608192
49,25.04,23.06,2.8,-4.530668859
50,25.44,23.06,2.75,-4.535121346
51,25.84,23.06,2.71,-4.538897468
52,26.24,23.06,2.67,-4.5337417
53,16.24,23.46,4.2,-19.81153357
54,16.64,23.46,4.13,-19.43362383
55,17.04,23.46,4.04,-18.95929296
56,17.44,23.46,3.97,-18.84541285
57,17.84,23.46,3.9,-18.48208321
58,18.24,23.46,3.83,-18.42606365
59,18.64,23.46,3.75,-17.97257128
60,19.04,23.46,3.68,-17.5092136
61,19.44,23.46,3.61,-17.19780644
62,19.84,23.46,3.55,-16.88672336
63,20.24,23.46,3.49,-16.01277239
64,20.64,23.46,3.43,-15.8888607
65,21.04,23.46,3.37,-16.27162656
66,21.44,23.46,3.27,-5.071450842
67,21.84,23.46,3.21,-4.909585871
68,22.24,23.46,3.15,-4.821495153
69,22.64,23.46,3.09,-4.75440105
70,23.04,23.46,3.04,-4.71303779
71,23.44,23.46,2.98,-4.674244273
72,23.84,23.46,2.93,-4.664938166
73,24.24,23.46,2.88,-4.64650264
74,24.64,23.46,2.84,-4.625310152
75,25.04,23.46,2.79,-4.639609035
76,25.44,23.46,2.75,-4.637277255
77,25.84,23.46,2.71,-4.648374115
78,26.24,23.46,2.67,-4.642061454
79,16.24,23.86,4.21,-21.45727733
80,16.64,23.86,4.11,-20.88338663
81,17.04,23.86,4.04,-20.35953269
82,17.44,23.86,3.96,-19.76371249
83,17.84,23.86,3.89,-19.71401406
84,18.24,23.86,3.82,-19.20139151
85,18.64,23.86,3.74,-18.92042598
86,19.04,23.86,3.67,-18.34410206
87,19.44,23.86,3.61,-18.17922161
88,19.84,23.86,3.55,-17.79463352
89,20.24,23.86,3.48,-17.13954216
90,20.64,23.86,3.43,-16.70468649
91,21.04,23.86,3.37,-17.28989257
92,21.44,23.86,3.27,-5.183380193
93,21.84,23.86,3.21,-4.999261389
94,22.24,23.86,3.15,-4.92201858
95,22.64,23.86,3.09,-4.857502555
96,23.04,23.86,3.03,-4.807712546
97,23.44,23.86,2.98,-4.785569381
98,23.84,23.86,2.93,-4.761343387
99,24.24,23.86,2.88,-4.740720529
100,24.64,23.86,2.84,-4.730633292
101,25.04,23.86,2.79,-4.733358291
102,25.44,23.86,2.75,-4.737931827
103,25.84,23.86,2.71,-4.733906489
104,26.24,23.86,2.67,-4.726043074
105,16.24,24.26,4.18,-23.32835112
106,16.64,24.26,4.12,-22.75719307
107,17.04,24.26,4.04,-22.04463293
108,17.44,24.26,3.96,-21.04597109
109,17.84,24.26,3.88,-20.96921035
110,18.24,24.26,3.81,-20.66655901
111,18.64,24.26,3.74,-20.15407916
112,19.04,24.26,3.67,-19.47571131
113,19.44,24.26,3.6,-19.04107087
114,19.84,24.26,3.54,-18.74706906
115,20.24,24.26,3.48,-17.9189868
116,20.64,24.26,3.42,-17.45021846
117,21.04,24.26,3.36,-17.89407471
118,21.44,24.26,3.27,-5.308409098
119,21.84,24.26,3.2,-5.136171723
120,22.24,24.26,3.14,-5.049957903
121,22.64,24.26,3.09,-4.981416215
122,23.04,24.26,3.03,-4.920504029
123,23.44,24.26,2.98,-4.883500108
124,23.84,24.26,2.93,-4.873052505
125,24.24,24.26,2.88,-4.855797643
126,24.64,24.26,2.83,-4.838648409
127,25.04,24.26,2.79,-4.840221553
128,25.44,24.26,2.75,-4.833196961
129,25.84,24.26,2.7,-4.82659056
130,26.24,24.26,2.67,-4.837883663
131,16.24,24.66,4.19,-25.91398038
132,16.64,24.66,4.11,-24.58468301
133,17.04,24.66,4.02,-23.7228719
134,17.44,24.66,3.95,-23.31114503
135,17.84,24.66,3.88,-22.88557111
136,18.24,24.66,3.8,-22.0635023
137,18.64,24.66,3.73,-21.46327338
138,19.04,24.66,3.67,-20.71684578
139,19.44,24.66,3.6,-20.26673096
140,19.84,24.66,3.54,-19.70666621
141,20.24,24.66,3.47,-18.69307317
142,20.64,24.66,3.42,-18.55505464
143,21.04,24.66,3.36,-19.13398009
144,21.44,24.66,3.26,-5.405027151
145,21.84,24.66,3.2,-5.262848175
146,22.24,24.66,3.14,-5.146533824
147,22.64,24.66,3.08,-5.067755771
148,23.04,24.66,3.03,-5.028289801
149,23.44,24.66,2.98,-5.013352019
150,23.84,24.66,2.93,-4.971815142
151,24.24,24.66,2.88,-4.945376001
152,24.64,24.66,2.83,-4.949676689
153,25.04,24.66,2.79,-4.937712067
154,25.44,24.66,2.75,-4.951742162
155,25.84,24.66,2.7,-4.9443645
156,26.24,24.66,2.66,-4.925172821
157,16.24,25.06,4.18,-31.72756834
158,16.64,25.06,4.11,-26.97070995
159,17.04,25.06,4.02,-25.99165814
160,17.44,25.06,3.95,-26.08045724
161,17.84,25.06,3.88,-24.77861144
162,18.24,25.06,3.8,-24.16439008
163,18.64,25.06,3.73,-23.26806998
164,19.04,25.06,3.66,-22.68519974
165,19.44,25.06,3.6,-21.70756248
166,19.84,25.06,3.53,-20.85087094
167,20.24,25.06,3.47,-20.33967943
168,20.64,25.06,3.41,-19.12005663
169,21.04,25.06,3.35,-19.56417692
170,21.44,25.06,3.26,-5.552561333
171,21.84,25.06,3.2,-5.365658464
172,22.24,25.06,3.14,-5.275009535
173,22.64,25.06,3.08,-5.18739005
174,23.04,25.06,3.03,-5.142232076
175,23.44,25.06,2.97,-5.117470083
176,23.84,25.06,2.92,-5.087645327
177,24.24,25.06,2.88,-5.067106198
178,24.64,25.06,2.83,-5.05649016
179,25.04,25.06,2.79,-5.041423412
180,25.44,25.06,2.74,-5.035909081
181,25.84,25.06,2.7,-5.026105646
182,26.24,25.06,2.66,-5.03020199
183,16.24,25.46,4.18,-32.72552195
184,16.64,25.46,4.09,-33.31178946
185,17.04,25.46,4.01,-30.24891891
186,17.44,25.46,3.94,-28.80505474
187,17.84,25.46,3.87,-28.0669908
188,18.24,25.46,3.8,-25.73278087
189,18.64,25.46,3.73,-24.95556498
190,19.04,25.46,3.65,-24.0195729
191,19.44,25.46,3.59,-23.60625735
192,19.84,25.46,3.53,-22.23282554
193,20.24,25.46,3.47,-21.34250453
194,20.64,25.46,3.41,-20.30235203
195,21.04,25.46,3.35,-21.18179004
196,21.44,25.46,3.26,-5.698106666
197,21.84,25.46,3.19,-5.481317297
198,22.24,25.46,3.14,-5.386327562
199,22.64,25.46,3.08,-5.322490276
200,23.04,25.46,3.02,-5.250006073
201,23.44,25.46,2.97,-5.204745929
202,23.84,25.46,2.92,-5.208162176
203,24.24,25.46,2.87,-5.166040465
204,24.64,25.46,2.83,-5.143640055
205,25.04,25.46,2.78,-5.150335928
206,25.44,25.46,2.74,-5.164004242
207,25.84,25.46,2.7,-5.144113412
208,26.24,25.46,2.66,-5.139916773
209,16.24,25.86,4.17,-33.72439847
210,16.64,25.86,4.07,-34.46379351
211,17.04,25.86,4.01,-41.05175946
212,17.44,25.86,3.94,-34.87274672
213,17.84,25.86,3.86,-31.2943029
214,18.24,25.86,3.79,-30.17997431
215,18.64,25.86,3.72,-27.64941442
216,19.04,25.86,3.65,-26.92248115
217,19.44,25.86,3.59,-25.5097956
218,19.84,25.86,3.52,-23.64443825
219,20.24,25.86,3.46,-23.05033166
220,20.64,25.86,3.4,-22.40123216
221,21.04,25.86,3.35,-22.25389529
222,21.44,25.86,3.26,-5.809599295
223,21.84,25.86,3.19,-5.62127689
224,22.24,25.86,3.13,-5.504070531
225,22.64,25.86,3.08,-5.422273702
226,23.04,25.86,3.02,-5.381321547
227,23.44,25.86,2.97,-5.320224166
228,23.84,25.86,2.92,-5.3004577
229,24.24,25.86,2.87,-5.276875095
230,24.64,25.86,2.83,-5.276084956
231,25.04,25.86,2.78,-5.245478704
232,25.44,25.86,2.74,-5.249463745
233,25.84,25.86,2.7,-5.264137798
234,26.24,25.86,2.66,-5.242303292
235,16.24,26.26,4.16,-28.80178003
236,16.64,26.26,4.09,-30.36011322
237,17.04,26.26,4,-35.19569427
238,17.44,26.26,3.93,-58.26307211
239,17.84,26.26,3.86,-35.79290155
240,18.24,26.26,3.78,-32.22449224
241,18.64,26.26,3.71,-31.86685186
242,19.04,26.26,3.64,-27.97836321
243,19.44,26.26,3.58,-26.774694
244,19.84,26.26,3.52,-25.66960199
245,20.24,26.26,3.46,-24.26014354
246,20.64,26.26,3.4,-22.65962184
247,21.04,26.26,3.34,-24.65548921
248,21.44,26.26,3.25,-5.943651674
249,21.84,26.26,3.19,-5.738596838
250,22.24,26.26,3.13,-5.621378673
251,22.64,26.26,3.07,-5.545361634
252,23.04,26.26,3.02,-5.500790462
253,23.44,26.26,2.97,-5.45368133
254,23.84,26.26,2.92,-5.419168632
255,24.24,26.26,2.87,-5.380692791
256,24.64,26.26,2.82,-5.376991354
257,25.04,26.26,2.78,-5.35598004
258,25.44,26.26,2.74,-5.369186118
259,25.84,26.26,2.7,-5.374369613
260,26.24,26.26,2.66,-5.346527631
261,16.24,26.66,4.15,-23.8723666
262,16.64,26.66,4.09,-28.5030654
263,17.04,26.66,4,-28.95454399
264,17.44,26.66,3.92,-35.13893904
265,17.84,26.66,3.85,-34.11578923
266,18.24,26.66,3.78,-31.02418205
267,18.64,26.66,3.71,-33.49231271
268,19.04,26.66,3.64,-35.27919526
269,19.44,26.66,3.58,-29.300555
270,19.84,26.66,3.51,-28.69439232
271,20.24,26.66,3.45,-26.91521423
272,20.64,26.66,3.39,-24.98863669
273,21.04,26.66,3.34,-25.36841379
274,21.44,26.66,3.25,-6.112708739
275,21.84,26.66,3.19,-5.872684601
276,22.24,26.66,3.13,-5.748073571
277,22.64,26.66,3.07,-5.671695761
278,23.04,26.66,3.02,-5.606855829
279,23.44,26.66,2.97,-5.557251394
280,23.84,26.66,2.92,-5.532039835
281,24.24,26.66,2.87,-5.499690178
282,24.64,26.66,2.82,-5.49285198
283,25.04,26.66,2.78,-5.482276221
284,25.44,26.66,2.74,-5.463404913
285,25.84,26.66,2.7,-5.464391303
286,26.24,26.66,2.65,-5.449846362
287,16.24,27.06,4.16,-22.18796822
288,16.64,27.06,4.07,-23.64675527
289,17.04,27.06,3.99,-26.25746838
290,17.44,27.06,3.91,-28.95175603
291,17.84,27.06,3.85,-31.86431384
292,18.24,27.06,3.77,-35.47653858
293,18.64,27.06,3.7,-35.98380825
294,19.04,27.06,3.64,-32.18404861
295,19.44,27.06,3.57,-37.08418715
296,19.84,27.06,3.51,-30.65655472
297,20.24,27.06,3.45,-31.14879038
298,20.64,27.06,3.39,-29.26064524
299,21.04,27.06,3.33,-29.43760239
300,21.44,27.06,5,-10.59916516
301,21.84,27.06,5,-10.66512944
302,22.24,27.06,5,-10.60137146
303,22.64,27.06,5,-10.41302275
304,23.04,27.06,5,-10.10142835
305,23.44,27.06,5,-9.794902478
306,23.84,27.06,5,-9.42132867
307,24.24,27.06,5,-9.051282992
308,24.64,27.06,5,-8.124892806
309,25.04,27.06,5,-7.537902499
310,25.44,27.06,5,-6.583955177
311,25.84,27.06,5,-5.738950376
312,26.24,27.06,2.65,-5.557696396
313,16.24,27.46,4.15,-19.39189932
314,16.64,27.46,4.07,-21.72723991
315,17.04,27.46,3.99,-23.06742433
316,17.44,27.46,3.91,-25.41238695
317,17.84,27.46,3.84,-27.87900917
318,18.24,27.46,3.77,-27.82446989
319,18.64,27.46,3.7,-33.06543293
320,19.04,27.46,3.63,-35.36137304
321,19.44,27.46,3.57,-36.54915616
322,19.84,27.46,3.5,-34.81650442
323,20.24,27.46,3.44,-28.91675924
324,20.64,27.46,3.39,-29.92479166
325,21.04,27.46,3.33,-36.16445799
326,21.44,27.46,5,-31.18601335
327,21.84,27.46,4.99,-22.66237703
328,22.24,27.46,4.99,-19.31339692
329,22.64,27.46,4.99,-16.72596033
330,23.04,27.46,4.98,-15.01524481
331,23.44,27.46,4.98,-13.47665784
332,23.84,27.46,4.97,-12.14309144
333,24.24,27.46,4.97,-10.94174945
334,24.64,27.46,4.96,-9.899128854
335,25.04,27.46,4.96,-8.802724326
336,25.44,27.46,4.95,-7.635407173
337,25.84,27.46,4.94,-6.735101503
338,26.24,27.46,4.95,-5.763285332
339,16.24,27.86,3.3,-37.44094348
340,16.64,27.86,4.12,-17.43593788
341,17.04,27.86,4.05,-19.17032985
342,17.44,27.86,3.98,-21.46185124
343,17.84,27.86,3.9,-22.51250384
344,18.24,27.86,3.84,-24.16213178
345,18.64,27.86,3.77,-25.76697536
346,19.04,27.86,3.69,-26.32926317
347,19.44,27.86,3.63,-30.53430475
348,19.84,27.86,3.57,-30.32118557
349,20.24,27.86,3.5,-36.90796037
350,20.64,27.86,3.44,-36.20037609
351,21.04,27.86,3.38,-35.86492042
352,21.44,27.86,3.33,-29.4926448
353,21.84,27.86,4.94,-32.69540372
354,22.24,27.86,4.93,-24.57915606
355,22.64,27.86,4.93,-20.42422348
356,23.04,27.86,4.92,-17.98969024
357,23.44,27.86,4.92,-16.1489987
358,23.84,27.86,4.92,-14.38186196
359,24.24,27.86,4.91,-12.99690439
360,24.64,27.86,4.9,-11.92876928
361,25.04,27.86,4.9,-10.76298328
362,25.44,27.86,4.9,-9.628171395
363,25.84,27.86,4.89,-8.584631644
364,26.24,27.86,4.89,-7.682442203
365,16.24,28.26,4.13,-16.00988153
366,16.64,28.26,4.04,-17.66345432
367,17.04,28.26,3.98,-19.18443642
368,17.44,28.26,3.9,-20.8760439
369,17.84,28.26,3.83,-22.10540896
370,18.24,28.26,3.76,-23.50826358
371,18.64,28.26,3.69,-24.55678544
372,19.04,28.26,3.63,-25.660612
373,19.44,28.26,3.56,-29.07052231
374,19.84,28.26,3.5,-29.06321453
375,20.24,28.26,3.43,-29.66274296
376,20.64,28.26,3.38,-35.35116898
377,21.04,28.26,3.32,-38.90132953
378,21.44,28.26,4.87,-37.66579433
379,21.84,28.26,4.87,-27.16383162
380,22.24,28.26,4.87,-21.99982285
381,22.64,28.26,4.86,-19.57504229
382,23.04,28.26,4.86,-17.18022439
383,23.44,28.26,4.85,-15.52782479
384,23.84,28.26,4.85,-14.13218485
385,24.24,28.26,4.84,-12.83393801
386,24.64,28.26,4.84,-11.65006573
387,25.04,28.26,4.84,-10.51483479
388,25.44,28.26,4.83,-9.627085881
389,25.84,28.26,4.83,-8.691397993
390,26.24,28.26,4.82,-7.634998038
391,16.24,28.66,4.13,-15.00907894
392,16.64,28.66,4.05,-16.13539938
393,17.04,28.66,3.97,-17.76539072
394,17.44,28.66,3.91,-18.7697496
395,17.84,28.66,3.83,-20.31287412
396,18.24,28.66,3.75,-21.58716135
397,18.64,28.66,3.69,-22.73093853
398,19.04,28.66,3.62,-24.25847021
399,19.44,28.66,3.56,-25.63064522
400,19.84,28.66,3.49,-29.02670721
401,20.24,28.66,3.43,-31.95329128
402,20.64,28.66,3.37,-28.12077199
403,21.04,28.66,3.31,-28.66629188
404,21.44,28.66,4.82,-34.09055517
405,21.84,28.66,4.81,-30.42251641
406,22.24,28.66,4.8,-23.89355519
407,22.64,28.66,4.8,-20.9196069
408,23.04,28.66,4.8,-18.36027498
409,23.44,28.66,4.79,-16.70821624
410,23.84,28.66,4.79,-15.1527156
411,24.24,28.66,4.78,-13.84126589
412,24.64,28.66,4.78,-12.59183715
413,25.04,28.66,4.78,-11.5442011
414,25.44,28.66,4.78,-10.38479692
415,25.84,28.66,2.69,-6.030869147
416,26.24,28.66,4.76,-8.538632574
417,16.24,29.06,3.3,-37.44094348
418,16.64,29.06,4.11,-13.26800709
419,17.04,29.06,4.04,-14.89725648
420,17.44,29.06,3.97,-16.11438643
421,17.84,29.06,3.89,-17.44943997
422,18.24,29.06,3.81,-18.80982441
423,18.64,29.06,3.75,-19.85985512
424,19.04,29.06,3.68,-21.37689796
425,19.44,29.06,3.61,-22.01118988
426,19.84,29.06,3.55,-24.39671377
427,20.24,29.06,3.49,-25.66090906
428,20.64,29.06,3.43,-27.65231271
429,21.04,29.06,3.37,-27.81316466
430,21.44,29.06,3.31,-27.4444043
431,21.84,29.06,4.75,-31.15227991
432,22.24,29.06,4.75,-37.98646373
433,22.64,29.06,4.75,-26.15505201
434,23.04,29.06,4.74,-22.78217202
435,23.44,29.06,4.74,-19.82630096
436,23.84,29.06,4.73,-17.8543564
437,24.24,29.06,4.73,-16.34253313
438,24.64,29.06,4.73,-14.80525639
439,25.04,29.06,4.72,-13.5702195
440,25.44,29.06,4.72,-12.50193829
441,25.84,29.06,4.72,-11.38819822
442,26.24,29.06,2.69,-6.133022308
443,16.24,29.46,3.3,-37.44094348
444,16.64,29.46,4.12,-12.4641188
445,17.04,29.46,4.03,-13.6202704
446,17.44,29.46,3.95,-15.09618232
447,17.84,29.46,3.89,-16.19418818
448,18.24,29.46,3.82,-17.1959827
449,18.64,29.46,3.75,-18.37282363
450,19.04,29.46,3.68,-19.53312923
451,19.44,29.46,3.61,-20.98065322
452,19.84,29.46,3.55,-21.83641616
453,20.24,29.46,3.48,-23.94569916
454,20.64,29.46,3.43,-24.59556731
455,21.04,29.46,3.37,-25.18707453
456,21.44,29.46,3.31,-25.88866151
457,21.84,29.46,4.7,-28.23115244
458,22.24,29.46,4.69,-35.75370779
459,22.64,29.46,4.69,-30.27998615
460,23.04,29.46,4.68,-24.68892065
461,23.44,29.46,4.68,-21.86087862
462,23.84,29.46,4.68,-19.24659822
463,24.24,29.46,4.67,-17.43713331
464,24.64,29.46,4.67,-16.04397651
465,25.04,29.46,4.66,-14.60561154
466,25.44,29.46,4.66,-13.5586156
467,25.84,29.46,4.66,-12.40416876
468,26.24,29.46,4.65,-11.3668515
469,16.24,29.86,3.3,-37.44094348
470,16.64,29.86,4.08,-10.32380903
471,17.04,29.86,4.02,-11.9350121
472,17.44,29.86,3.96,-13.76100906
473,17.84,29.86,3.88,-14.8313167
474,18.24,29.86,3.82,-16.26581021
475,18.64,29.86,3.74,-16.88644897
476,19.04,29.86,3.67,-18.28887268
477,19.44,29.86,3.61,-19.22619349
478,19.84,29.86,3.54,-20.03000484
479,20.24,29.86,3.48,-21.37498459
480,20.64,29.86,3.42,-23.78090714
481,21.04,29.86,3.36,-23.13971458
482,21.44,29.86,3.31,-23.01891018
483,21.84,29.86,4.64,-25.47615511
484,22.24,29.86,4.64,-31.83409719
485,22.64,29.86,4.63,-36.00624171
486,23.04,29.86,4.63,-28.22058386
487,23.44,29.86,4.62,-23.51380574
488,23.84,29.86,4.62,-21.12366412
489,24.24,29.86,4.62,-18.89785018
490,24.64,29.86,4.61,-17.36376226
491,25.04,29.86,4.61,-15.89880289
492,25.44,29.86,4.61,-14.58846479
493,25.84,29.86,4.6,-13.38506633
494,26.24,29.86,4.6,-12.37212511
495,16.24,30.26,3.3,-37.44094348
496,16.64,30.26,4.1,-10.20386712
497,17.04,30.26,4.02,-11.38323686
498,17.44,30.26,3.94,-12.48275621
499,17.84,30.26,3.87,-13.80797716
500,18.24,30.26,3.8,-14.87845461
501,18.64,30.26,3.74,-16.03779576
502,19.04,30.26,3.67,-16.96567987
503,19.44,30.26,3.6,-17.76826921
504,19.84,30.26,3.54,-18.8687614
505,20.24,30.26,3.48,-20.20337198
506,20.64,30.26,3.42,-21.68922836
507,21.04,30.26,3.36,-22.3895944
508,21.44,30.26,3.3,-21.63153896
509,21.84,30.26,4.59,-23.60397818
510,22.24,30.26,4.58,-29.6332905
511,22.64,30.26,4.58,-35.28600803
512,23.04,30.26,4.57,-30.50221864
513,23.44,30.26,4.57,-26.30136981
514,23.84,30.26,4.56,-23.25251395
515,24.24,30.26,4.56,-20.72802802
516,24.64,30.26,4.56,-18.75192619
517,25.04,30.26,4.55,-17.17030177
518,25.44,30.26,4.55,-15.91532439
519,25.84,30.26,4.55,-14.57316924
520,26.24,30.26,4.54,-13.47937107
521,16.24,30.66,3.3,-37.44094348
522,16.64,30.66,4.09,-9.189019187
523,17.04,30.66,4.02,-10.22416166
524,17.44,30.66,3.93,-11.23008001
525,17.84,30.66,3.87,-12.77350909
526,18.24,30.66,3.8,-13.947982
527,18.64,30.66,3.73,-14.92215848
528,19.04,30.66,3.66,-15.87833771
529,19.44,30.66,3.6,-16.85615064
530,19.84,30.66,3.53,-18.1026887
531,20.24,30.66,3.47,-19.12387967
532,20.64,30.66,3.41,-20.07353405
533,21.04,30.66,3.36,-20.13103498
534,21.44,30.66,3.3,-20.70657183
535,21.84,30.66,4.53,-21.61052156
536,22.24,30.66,4.53,-25.89754619
537,22.64,30.66,4.52,-30.44564256
538,23.04,30.66,4.52,-44.66830024
539,23.44,30.66,4.51,-28.67641271
540,23.84,30.66,4.51,-25.69345404
541,24.24,30.66,4.51,-22.78540889
542,24.64,30.66,4.5,-19.99445922
543,25.04,30.66,4.5,-18.7077641
544,25.44,30.66,4.49,-17.04928651
545,25.84,30.66,4.49,-15.72799188
546,26.24,30.66,4.49,-14.57025182
547,16.24,31.06,3.3,-37.44094348
548,16.64,31.06,4.09,-8.165320925
549,17.04,31.06,4,-9.416933589
550,17.44,31.06,3.92,-10.44901785
551,17.84,31.06,3.87,-11.68684844
552,18.24,31.06,3.79,-12.81443382
553,18.64,31.06,3.73,-13.93042433
554,19.04,31.06,3.66,-14.98815258
555,19.44,31.06,3.59,-16.1037085
556,19.84,31.06,3.53,-17.17312493
557,20.24,31.06,3.47,-18.14541308
558,20.64,31.06,3.41,-18.68755056
559,21.04,31.06,3.35,-19.2340454
560,21.44,31.06,3.3,-19.06799078
561,21.84,31.06,4.48,-20.39719329
562,22.24,31.06,4.48,-23.79213439
563,22.64,31.06,4.47,-27.91578292
564,23.04,31.06,4.47,-30.12102472
565,23.44,31.06,4.46,-31.1913786
566,23.84,31.06,4.46,-29.43702772
567,24.24,31.06,4.45,-24.33445421
568,24.64,31.06,4.45,-22.67316118
569,25.04,31.06,4.45,-20.46291234
570,25.44,31.06,4.45,-18.36878771
571,25.84,31.06,4.44,-17.03122303
572,26.24,31.06,4.44,-15.64417761
573,16.24,31.46,3.3,-37.44094348
574,16.64,31.46,4.58,-7.942042822
575,17.04,31.46,4.57,-8.467361564
576,17.44,31.46,3.91,-9.421106449
577,17.84,31.46,3.87,-10.85459855
578,18.24,31.46,3.79,-11.91474534
579,18.64,31.46,3.72,-13.05777831
580,19.04,31.46,3.66,-13.8934951
581,19.44,31.46,3.59,-15.09545417
582,19.84,31.46,3.53,-15.88272868
583,20.24,31.46,3.47,-16.8399611
584,20.64,31.46,3.41,-17.75368882
585,21.04,31.46,3.35,-18.07717966
586,21.44,31.46,3.29,-17.92641851
587,21.84,31.46,4.43,-19.12332566
588,22.24,31.46,4.43,-21.48908308
589,22.64,31.46,4.42,-25.31205986
590,23.04,31.46,4.41,-27.74691076
591,23.44,31.46,4.41,-35.45175187
592,23.84,31.46,4.41,-33.39938006
593,24.24,31.46,4.4,-28.56290755
594,24.64,31.46,4.4,-24.86168766
595,25.04,31.46,4.4,-22.10857361
596,25.44,31.46,4.39,-20.21820508
597,25.84,31.46,4.39,-18.66961395
598,26.24,31.46,4.39,-17.04841885
599,16.24,31.86,3.3,-37.44094348
600,16.64,31.86,4.53,-7.790205528
601,17.04,31.86,4.52,-8.363827617
602,17.44,31.86,4.52,-8.927424253
603,17.84,31.86,3.84,-9.767816126
604,18.24,31.86,3.78,-11.02247083
605,18.64,31.86,3.72,-12.1685778
606,19.04,31.86,3.65,-13.01671762
607,19.44,31.86,3.59,-14.12887868
608,19.84,31.86,3.53,-14.79568671
609,20.24,31.86,3.46,-15.84018829
610,20.64,31.86,3.4,-17.31778693
611,21.04,31.86,3.35,-17.0390373
612,21.44,31.86,3.29,-17.28633582
613,21.84,31.86,4.38,-18.0249612
614,22.24,31.86,4.37,-20.14847045
615,22.64,31.86,4.37,-22.79510663
616,23.04,31.86,4.36,-25.6222331
617,23.44,31.86,4.36,-31.47161563
618,23.84,31.86,4.36,-37.0021003
619,24.24,31.86,4.36,-30.83278676
620,24.64,31.86,4.35,-28.60757477
621,25.04,31.86,4.35,-24.48243084
622,25.44,31.86,4.34,-22.12616208
623,25.84,31.86,4.34,-20.39693063
624,26.24,31.86,4.34,-18.56841594
625,16.24,32.26,3.3,-37.44094348
626,16.64,32.26,4.5,-7.802458096
627,17.04,32.26,4.48,-8.257492945
628,17.44,32.26,4.46,-8.538752765
629,17.84,32.26,4.46,-9.216114075
630,18.24,32.26,3.78,-10.26188402
631,18.64,32.26,3.71,-11.3459356
632,19.04,32.26,3.65,-12.30852976
633,19.44,32.26,3.59,-13.09319698
634,19.84,32.26,3.52,-14.23584801
635,20.24,32.26,3.46,-15.18086353
636,20.64,32.26,3.4,-15.95038215
637,21.04,32.26,3.34,-16.12659255
638,21.44,32.26,3.29,-16.23866668
639,21.84,32.26,4.33,-17.02873223
640,22.24,32.26,4.32,-18.87550588
641,22.64,32.26,4.32,-21.29008151
642,23.04,32.26,4.32,-23.4246606
643,23.44,32.26,4.31,-26.47479546
644,23.84,32.26,4.31,-31.37677976
645,24.24,32.26,4.31,-31.73286858
646,24.64,32.26,4.3,-34.21058301
647,25.04,32.26,4.3,-27.73626194
648,25.44,32.26,4.3,-24.26502529
649,25.84,32.26,4.29,-22.56183863
650,26.24,32.26,4.29,-20.43151796
651,16.24,32.66,3.3,-37.44094348
652,16.64,32.66,4.45,-7.668328134
653,17.04,32.66,4.43,-7.988643294
654,17.44,32.66,4.42,-8.555689339
655,17.84,32.66,4.41,-9.03068521
656,18.24,32.66,4.4,-9.628820599
657,18.64,32.66,3.71,-10.62842792
658,19.04,32.66,3.64,-11.58022214
659,19.44,32.66,3.58,-12.54479954
660,19.84,32.66,3.52,-13.22445974
661,20.24,32.66,3.46,-14.20996471
662,20.64,32.66,3.4,-14.95145316
663,21.04,32.66,3.34,-15.64618535
664,21.44,32.66,3.28,-15.55472333
665,21.84,32.66,4.28,-16.104311
666,22.24,32.66,4.28,-17.92225629
667,22.64,32.66,4.27,-19.8214829
668,23.04,32.66,4.27,-21.78248043
669,23.44,32.66,4.26,-24.03148029
670,23.84,32.66,4.26,-27.26810794
671,24.24,32.66,4.26,-30.89084538
672,24.64,32.66,4.25,-36.09730229
673,25.04,32.66,4.25,-35.55246893
674,25.44,32.66,4.24,-27.40310107
675,25.84,32.66,4.24,-24.70802302
676,26.24,32.66,4.24,-22.54739923
