L_actual,L_predicted,W_actual,W_predicted,F_actual,F_predicted,S11_actual,S11_predicted
16.24,16.229996176041823,22.66,23.27440328495868,4.24,3.946664781572963,-17.35802195,-15.26225559177692
16.64,16.600194447664762,22.66,24.484911336170626,4.14,4.111770041623004,-17.07160923,-16.421170194837032
17.04,17.244667778721123,22.66,24.874620294038323,4.06,4.150390291838903,-16.99912329,-16.35393805950298
17.44,17.687818325021,22.66,24.78729388730426,3.99,4.121130138360513,-16.79111539,-15.483752953557996
17.84,18.32393272414447,22.66,25.959510640837834,3.9,4.048294895206254,-16.53789429,-17.06169610339566
18.24,18.872136457108354,22.66,25.064999299895135,3.84,3.8507331376181355,-16.50135049,-15.899943928787252
18.64,19.231878805321685,22.66,25.886521983265993,3.76,3.7883877723738806,-16.1038611,-16.259264363878174
19.04,19.634963334638087,22.66,25.933286568164476,3.69,3.609363633573139,-15.94854562,-15.918775755300885
19.44,19.830031673960548,22.66,25.14143449779658,3.63,3.497519472098702,-15.6950845,-15.941400550975231
19.84,19.961021038265244,22.66,25.532466933203978,3.56,3.477072282913923,-15.35539554,-15.45653594317264
20.24,19.998801332387302,22.66,25.023925276487716,3.5,3.4609139820036035,-15.07599006,-15.84737171602319
20.64,19.9730149607185,22.66,24.739489344137837,3.44,3.5582037369254067,-14.71881588,-16.346405331947608
21.04,19.588201745324113,22.66,24.842320851996192,3.38,3.272757821652249,-14.89791368,-16.764962347311666
21.44,21.236952118217232,22.66,22.209028377968934,3.28,3.2892386904327395,-4.825832935,-7.355502740159864
21.84,21.78358127109641,22.66,21.779903183996794,3.22,3.2107021703463943,-4.687005785,-6.705207937426167
22.24,22.331522970727747,22.66,22.55377962657076,3.15,3.15992748466806,-4.600162825,-3.820331075839931
22.64,22.697953601897098,22.66,21.873779783563805,3.1,3.118956760111814,-4.544711213,-5.5780296198499855
23.04,23.11693481798102,22.66,22.24330399844621,3.04,3.054311494369813,-4.493971907,-5.397228547983104
23.44,23.459628189613795,22.66,22.14768738260318,2.99,3.028993608649671,-4.479812848,-6.789430607081158
23.84,23.809179595116802,22.66,22.265359478027676,2.94,2.979810503898534,-4.460644106,-7.73746579469298
24.24,24.17404376302693,22.66,22.524726510819164,2.89,2.9230701984938605,-4.442835424,-8.228903631068533
24.64,24.5670163703453,22.66,22.824594419755158,2.84,2.8731328918524923,-4.431008855,-8.333268878777744
25.04,24.915035906151388,22.66,23.051701816453715,2.8,2.8598688843353557,-4.436394117,-6.836317211826099
25.44,25.298069858223244,22.66,23.369821563435835,2.76,2.8506643978557804,-4.440608129,-4.238967904617311
25.84,25.831920506176175,22.66,23.071772743554902,2.71,2.803326989678226,-4.42495316,-2.549242069508182
26.24,26.330891061856164,22.66,22.716776926841703,2.67,2.825106230354777,-4.434571883,1.125886522611836
16.24,16.21616268184698,23.06,24.27196524712781,4.2,3.997201261664941,-18.50129282,-19.413330733514158
16.64,16.44881954205448,23.06,24.836995023026248,4.12,4.12139570438876,-18.18942232,-19.050781412253855
17.04,16.814880875694143,23.06,24.89810528048838,4.05,4.149554728044222,-17.94994084,-17.694099671178265
17.44,17.28973268820664,23.06,24.87639708154893,3.98,4.100840002641689,-17.73071075,-16.61953561005066
17.84,17.805529399438456,23.06,26.299073193935328,3.89,4.063548231011282,-17.28063847,-17.815713748306734
18.24,18.414810208078052,23.06,26.345325067304657,3.82,3.926663748426563,-17.10446958,-16.987096026859945
18.64,18.964717864304475,23.06,26.45380496159487,3.75,3.782228618519639,-16.88865213,-16.25715477889753
19.04,19.538616597359578,23.06,25.601754196584807,3.69,3.497776830031853,-16.94218468,-15.63658512730035
19.44,19.74615895173156,23.06,26.01096220985346,3.62,3.573876669238871,-16.32425613,-15.059257323940983
19.84,20.04273261735034,23.06,25.405110527426586,3.56,3.466390618219066,-16.11448742,-15.106679402844748
20.24,20.22665174562826,23.06,24.989667738511343,3.5,3.5638597440497506,-15.64727929,-15.440036115440307
20.64,20.384968623458917,23.06,24.782248145682388,3.44,3.538253624990375,-15.44799277,-15.873968018189771
21.04,20.297992019723097,23.06,24.964137928458513,3.38,3.3306112192672117,-15.56004056,-16.220096069126157
21.44,21.164182185986647,23.06,22.433311039945693,3.28,3.281973787613879,-4.950739418,-6.542185267928289
21.84,21.831363630210035,23.06,22.877944239837234,3.21,3.1773450587256775,-4.786222229,-3.1663611539115664
22.24,22.320477498482433,23.06,22.76685860399448,3.15,3.1305153575754048,-4.698806756,-2.397343912831275
22.64,22.76373070905356,23.06,22.946994434067165,3.09,3.0997898114123927,-4.64867089,-1.8869849198672455
23.04,23.11830350499622,23.06,22.503762753287447,3.04,3.052585474074931,-4.608085473,-3.5264277024252806
23.44,23.533311072043944,23.06,23.01645472070959,2.98,2.9677229887397516,-4.560424292,-3.6239428925618995
23.84,23.8872429623716,23.06,23.045816621699487,2.93,2.939561592641894,-4.557370157,-5.12189039788791
24.24,24.1753127577158,23.06,22.744441730508697,2.89,2.8568073266665124,-4.530575249,-6.456849927752046
24.64,24.575437478719323,23.06,23.12543755544175,2.84,2.8366089563510286,-4.541608192,-6.790990273322677
25.04,24.915409971288682,23.06,23.30767179497343,2.8,2.7714417239417344,-4.530668859,-6.125349058333086
25.44,25.399540930569856,23.06,23.44721007203043,2.75,2.737170902249545,-4.535121346,-5.649277091404656
25.84,25.838381557425237,23.06,23.444901025111903,2.71,2.7045630427469405,-4.538897468,-3.638820569467498
26.24,26.326798273692475,23.06,23.06656299410679,2.67,2.655168187725849,-4.5337417,-1.4585401041258592
16.24,16.15784559066924,23.46,23.941529533665744,4.2,4.053475127207548,-19.81153357,-20.7813976064499
16.64,16.218707763020575,23.46,23.926521118512028,4.13,4.139903604905612,-19.43362383,-19.16843708368833
17.04,16.50291382575051,23.46,24.988941119183437,4.04,4.157884580608425,-18.95929296,-19.891640605259454
17.44,17.109347536721543,23.46,24.974243456919794,3.97,4.069860307908584,-18.84541285,-18.687081198528176
17.84,17.533048650684577,23.46,25.04748666282103,3.9,3.976122678295269,-18.48208321,-17.809769023762783
18.24,18.27650343939422,23.46,25.008365329544176,3.83,3.7723594789435992,-18.42606365,-17.247060292371316
18.64,18.800542767841762,23.46,26.030418544032727,3.75,3.6799971593513874,-17.97257128,-17.157442821277073
19.04,19.22753830518741,23.46,26.378451851269347,3.68,3.6193854310854476,-17.5092136,-16.378461449727183
19.44,19.729246534812773,23.46,26.83764741908817,3.61,3.525418185288345,-17.19780644,-15.34073322135373
19.84,20.098421133223383,23.46,26.381793358028517,3.55,3.4649582020224443,-16.88672336,-14.951224360585911
20.24,20.320245106120638,23.46,26.138564329434303,3.49,3.7661543565277498,-16.01277239,-14.829776291706366
20.64,20.700208013788142,23.46,26.02415386175562,3.43,3.7066447997799514,-15.8888607,-14.807519068446709
21.04,20.80816560983476,23.46,26.344255059564603,3.37,3.3578664094907253,-16.27162656,-14.714593655284261
21.44,21.200547812395598,23.46,23.605254625334055,3.27,3.273180552730537,-5.071450842,-4.494093991263071
21.84,21.81149737288615,23.46,23.12762961916451,3.21,3.1823819422802444,-4.909585871,-3.3316144067503046
22.24,22.317038808452708,23.46,23.028723014707793,3.15,3.140058621991102,-4.821495153,-2.2548494442307856
22.64,22.775286192494605,23.46,23.18825324573845,3.09,3.0875294429765745,-4.75440105,-1.3881386622379068
23.04,23.132745933782644,23.46,22.741816537061823,3.04,3.040380782929333,-4.71303779,-2.82142827482312
23.44,23.548316067941414,23.46,23.304076269225334,2.98,2.9711696345270866,-4.674244273,-2.520547238033032
23.84,23.899794168011795,23.46,23.327733696627547,2.93,2.929540703292787,-4.664938166,-3.8800591373292264
24.24,24.263490516770617,23.46,23.474582917711814,2.88,2.8586742681086434,-4.64650264,-5.059421608544653
24.64,24.567323769448194,23.46,23.354398294191924,2.84,2.7715753680763555,-4.625310152,-5.881968343135668
25.04,25.007755294425806,23.46,23.679562560588238,2.79,2.743183459775082,-4.639609035,-6.293603927042568
25.44,25.391056573358583,23.46,23.76902902936854,2.75,2.6810567374136554,-4.637277255,-5.654177528602304
25.84,25.832646381100858,23.46,23.808989803146687,2.71,2.644654522345718,-4.648374115,-4.58097714066389
26.24,26.313056110024263,23.46,23.45506027546071,2.67,2.571464077505425,-4.642061454,-3.55042459469405
16.24,16.361446785418593,23.86,23.35888780998357,4.21,4.111099061884943,-21.45727733,-21.8614939864201
16.64,16.417503232934905,23.86,24.46422380868171,4.11,4.166242874803629,-20.88338663,-22.864400768041378
17.04,16.507690835000176,23.86,24.502203042109613,4.04,4.148495572365846,-20.35953269,-21.45338732059463
17.44,16.75577449652883,23.86,25.235172091939603,3.96,4.097282985132097,-19.76371249,-21.282476505934028
17.84,17.486736565972024,23.86,25.262159501740825,3.89,3.929715454899906,-19.71401406,-20.261933949630475
18.24,17.881083789468903,23.86,25.48814696825866,3.82,3.8272399289357963,-19.20139151,-19.47120264262776
18.64,18.614040868791562,23.86,26.570791970487335,3.74,3.671155834295405,-18.92042598,-19.02789160850807
19.04,19.053967413199643,23.86,27.083777191131958,3.67,3.6277803149146166,-18.34410206,-17.880258711025817
19.44,19.615926380907695,23.86,26.563450838046265,3.61,3.4650214161679287,-18.17922161,-17.07695603542379
19.84,20.048185773002842,23.86,26.206175826097024,3.55,3.4210031692723533,-17.79463352,-16.660363856091863
20.24,20.496755318161377,23.86,27.228768233340816,3.48,3.5579357101755704,-17.13954216,-15.049963612662395
20.64,20.841696403409514,23.86,26.041110640464467,3.43,3.6485853038843743,-16.70468649,-16.37443453303422
21.04,21.106870192319548,23.86,26.482145275353105,3.37,3.2241989982662744,-17.28989257,-16.167906793620205
21.44,21.17272522064559,23.86,23.816701362098684,3.27,3.26038882468265,-5.183380193,-5.858300471183611
21.84,21.827558985385622,23.86,23.30661555561528,3.21,3.1490876181937892,-4.999261389,-4.434611154167214
22.24,22.33314016980694,23.86,23.240706942116958,3.15,3.123184527322792,-4.92201858,-3.045108078600606
22.64,22.794610393399125,23.86,23.421439538084087,3.09,3.0768239485273625,-4.857502555,-1.8128089656529482
23.04,23.22245360757188,23.86,23.816418788584997,3.03,3.0192713543451646,-4.807712546,-0.9614343839639332
23.44,23.565597069549767,23.86,23.584296580360387,2.98,2.9768198055257926,-4.785569381,-2.2477315667492803
23.84,23.909875668401583,23.86,23.58021769482002,2.93,2.912053134672078,-4.761343387,-3.374186068511335
24.24,24.26480157016158,23.86,23.73730239593715,2.88,2.837482321135667,-4.740720529,-4.379107909364393
24.64,24.56743609217483,23.86,23.644057250538026,2.84,2.768789405935877,-4.730633292,-5.396833035367308
25.04,24.990912903942444,23.86,23.96825808317226,2.79,2.714763315570508,-4.733358291,-5.838794715149561
25.44,25.372252454972113,23.86,24.089605486093205,2.75,2.6596876799535494,-4.737931827,-5.68758985408931
25.84,25.789934197577168,23.86,24.097224416400422,2.71,2.5849241263290423,-4.733906489,-5.276470170443645
26.24,26.2565812699886,23.86,23.76085406130005,2.67,2.4981008750050933,-4.726043074,-5.0937362875265535
16.24,16.760571419965345,24.26,24.56244187663833,4.18,4.16417796860469,-23.32835112,-25.825899886520347
16.64,16.660772716624706,24.26,23.78008961114392,4.12,4.191563527479502,-22.75719307,-23.682256700092694
17.04,16.693826720276775,24.26,24.12526465121482,4.04,4.1485016392412035,-22.04463293,-23.23940355805098
17.44,16.64572471509564,24.26,24.831681230585673,3.96,4.097138063052171,-21.04597109,-23.082042892900063
17.84,17.430458817076214,24.26,25.547385125028086,3.88,3.923052788451514,-20.96921035,-22.975165809941245
18.24,17.998230415278158,24.26,25.775892205143464,3.81,3.749009436950928,-20.66655901,-22.02071646551485
18.64,18.47334552544453,24.26,26.152795127782156,3.74,3.6206191965261496,-20.15407916,-21.102866145520238
19.04,18.9031036528595,24.26,26.707642139939708,3.67,3.569462708802803,-19.47571131,-20.05550240338198
19.44,19.49944633037194,24.26,27.369052314796136,3.6,3.490295881734255,-19.04107087,-18.684487541991984
19.84,20.03642414197202,24.26,27.114826450197143,3.54,3.3988281606521014,-18.74706906,-17.877664241561433
20.24,20.4307060055271,24.26,27.122737520505325,3.48,3.567801698468884,-17.9189868,-17.270879144169157
20.64,20.956766136992883,24.26,27.27708911175432,3.42,3.65298476765156,-17.45021846,-16.712832089251606
21.04,21.425885207469037,24.26,27.812033410198637,3.36,3.3599112961542232,-17.89407471,-16.05313389757066
21.44,21.130604965537714,24.26,24.04862962134939,3.27,3.2696399651263164,-5.308409098,-7.8442125935980584
21.84,21.878834734698103,24.26,24.629992182788556,3.2,3.1803778918197168,-5.136171723,-3.5865789530507755
22.24,22.4018469859202,24.26,24.54151020986319,3.14,3.145991670143758,-5.049957903,-1.938788326078793
22.64,22.80229608782065,24.26,23.699020659390953,3.09,3.097816589944614,-4.981416215,-2.8805255140468944
23.04,23.238384012509414,24.26,24.093086688386393,3.03,3.0292240690992003,-4.920504029,-1.6110654137155507
23.44,23.58063362325447,24.26,23.82991478285112,2.98,2.968393742632088,-4.883500108,-2.56133164736093
23.84,23.920597607333548,24.26,23.872575035740738,2.93,2.9272272958783105,-4.873052505,-3.383456998009933
24.24,24.271868805661143,24.26,24.05882877561089,2.88,2.862713752745094,-4.855797643,-4.129517736408161
24.64,24.64442208751825,24.26,24.29924092949659,2.83,2.7874972822187374,-4.838648409,-4.9355241651355755
25.04,24.979275819232498,24.26,24.299815439924714,2.79,2.734684178410589,-4.840221553,-5.528255797253223
25.44,25.341118570167964,24.26,24.39617647435807,2.75,2.6623318297729384,-4.833196961,-5.653499116568128
25.84,25.8560427201719,24.26,24.195708377010305,2.7,2.5855958266270136,-4.82659056,-6.5744431914936285
26.24,26.227095024090886,24.26,24.174253201883403,2.67,2.536525425655327,-4.837883663,-6.0739164980186615
16.24,17.087145090217746,24.66,24.57016051300161,4.19,4.18402885095702,-25.91398038,-26.698931216349592
16.64,16.81841983130107,24.66,24.231170507860952,4.11,4.229601622575046,-24.58468301,-26.219234537653392
17.04,16.913019249737772,24.66,24.951171030072146,4.02,4.177074209067996,-23.7228719,-26.909694652742473
17.44,17.241508962162698,24.66,24.972290859688655,3.95,4.045429863779191,-23.31114503,-25.831189952645218
17.84,17.644920379794712,24.66,25.10801038374484,3.88,3.8748568200330737,-22.88557111,-24.886664279008983
18.24,18.00373319219034,24.66,26.138281262901728,3.8,3.746733228771973,-22.0635023,-24.623040833714185
18.64,18.450535307621976,24.66,26.600760279994574,3.73,3.6089555179146373,-21.46327338,-23.520602304924978
19.04,18.767921672506418,24.66,26.34410470702278,3.67,3.536607851057397,-20.71684578,-22.390509971621213
19.44,19.38372404117945,24.66,27.01591844264476,3.6,3.4383789836151664,-20.26673096,-21.14188508313964
19.84,19.870426489387683,24.66,26.902022321839468,3.54,3.4144243905770963,-19.70666621,-20.359123020636616
20.24,20.394789076699453,24.66,28.193568917005905,3.47,3.599931416641539,-18.69307317,-18.35931550906389
20.64,20.944649873255912,24.66,27.23264321529132,3.42,3.5434492347062587,-18.55505464,-19.110685039049713
21.04,21.47374597513226,24.66,27.886640696393442,3.36,3.2357836114620113,-19.13398009,-18.34567531335051
21.44,21.197110676917873,24.66,25.3162066181103,3.26,3.2539912013103276,-5.405027151,-7.742496168910293
21.84,21.848694157668433,24.66,24.895864209349384,3.2,3.1999461157843143,-5.262848175,-5.734237784490688
22.24,22.412625510636644,24.66,24.75753256744065,3.14,3.131905401730819,-5.146533824,-3.7736021325399633
22.64,22.89201649927236,24.66,24.91513233150181,3.08,3.072133301140184,-5.067755771,-2.0104349007306155
23.04,23.247954000782556,24.66,24.355682793146116,3.03,3.033322794175092,-5.028289801,-2.6876533901377115
23.44,23.584536551234123,24.66,24.15432882409368,2.98,3.006208581334704,-5.013352019,-3.2636518653307576
23.84,23.923583298061203,24.66,24.130866061736015,2.93,2.9280142636139317,-4.971815142,-3.732314931723522
24.24,24.26449780175426,24.66,24.309595247221296,2.88,2.8572107516388314,-4.945376001,-4.159172370127635
24.64,24.637724894555504,24.66,24.639720001912792,2.83,2.8223876892238877,-4.949676689,-4.694078569969861
25.04,24.955758346563016,24.66,24.604573451404576,2.79,2.7580304965536016,-4.937712067,-5.2701836832857225
25.44,25.329548063933544,24.66,24.781913626080495,2.75,2.730189674826306,-4.951742162,-5.496053139242576
25.84,25.836937669131657,24.66,24.64478356060863,2.7,2.665634643768044,-4.9443645,-6.447525017225416
26.24,26.28331941619217,24.66,24.11418287253764,2.66,2.5770218724151164,-4.925172821,-7.321639260830125
16.24,16.682851502393532,25.06,26.08690684470639,4.18,4.0553772738944645,-31.72756834,-28.42486247533816
16.64,16.961448302352437,25.06,24.53138456454326,4.11,4.240767559634605,-26.97070995,-27.53587593344855
17.04,17.13023707244247,25.06,24.937466241259244,4.02,4.1915067793102025,-25.99165814,-28.258214920497267
17.44,17.637146850085628,25.06,24.872124432135024,3.95,4.02507315763205,-26.08045724,-27.379643441498047
17.84,17.70823130539611,25.06,24.92131508620514,3.88,3.892578339263764,-24.77861144,-26.624571442691376
18.24,18.173440201060657,25.06,25.730574361703475,3.8,3.709817314776501,-24.16439008,-26.5547448702564
18.64,18.49564199044653,25.06,26.16034846562252,3.73,3.5738262000172654,-23.26806998,-25.652602183487033
19.04,18.986763444057942,25.06,26.703835887965397,3.66,3.4280956106390477,-22.68519974,-24.534294625598704
19.44,19.299684639174302,25.06,26.651190281510935,3.6,3.401008817033926,-21.70756248,-23.563896210951498
19.84,19.83098314527706,25.06,27.68071433874138,3.53,3.417567371406676,-20.85087094,-21.918897529452806
20.24,20.39617398820519,25.06,27.8678008265706,3.47,3.408459895240867,-20.33967943,-20.928326372028096
20.64,20.888471008101988,25.06,28.404733740797383,3.41,3.662150817087877,-19.12005663,-19.90897861306439
21.04,21.614501661255417,25.06,29.12594827976136,3.35,3.4634853985494374,-19.56417692,-18.730589391168905
21.44,21.094769724148136,25.06,25.602468618671992,3.26,3.2916174661017976,-5.552561333,-10.306457581900759
21.84,21.829655189792902,25.06,25.108397726275143,3.2,3.193399127741486,-5.365658464,-8.080112541647395
22.24,22.37817816079587,25.06,25.041378823996638,3.14,3.15274489862486,-5.275009535,-5.838985119218705
22.64,22.878257634436522,25.06,25.20124577912793,3.08,3.0852176961793703,-5.18739005,-3.73240003499086
23.04,23.242147030176056,25.06,24.631393961797585,3.03,3.0418798954719932,-5.142232076,-4.017002905107802
23.44,23.64661660505044,25.06,25.312510518662748,2.97,3.0060358148489286,-5.117470083,-2.521106833795784
23.84,23.985532688913736,25.06,25.204007808773895,2.92,2.951543971722913,-5.087645327,-3.0324820003297646
24.24,24.259896793451844,25.06,24.651038327559945,2.88,2.8999870676066166,-5.067106198,-4.356658063625218
24.64,24.62318741159652,25.06,24.96871853499033,2.83,2.856273230559509,-5.05649016,-4.573406530747889
25.04,24.93459383739355,25.06,24.931142919769627,2.79,2.803237495472331,-5.041423412,-5.01029262560769
25.44,25.37659175124827,25.06,25.125203005343792,2.74,2.7622673544915415,-5.035909081,-5.605774339957861
25.84,25.772481607154987,25.06,24.9598289506539,2.7,2.714131490379714,-5.026105646,-6.089574568759417
26.24,26.24099959000705,25.06,24.553857875827816,2.66,2.6860844792040552,-5.03020199,-7.158208337059477
16.24,16.104519656988487,25.46,26.121360089528025,4.18,4.045473093306555,-32.72552195,-29.02400269822101
16.64,16.55602365291088,25.46,26.044470430832007,4.09,4.134003986780499,-33.31178946,-29.77926886753994
17.04,17.40169738615623,25.46,25.81907143945864,4.01,4.150524878446504,-30.24891891,-30.041064267017646
17.44,17.725698406777155,25.46,25.55201275496802,3.94,4.048143883651846,-28.80505474,-29.404639727756148
17.84,18.085029568143,25.46,25.530734335028683,3.87,3.873348707196328,-28.0669908,-28.778654154477408
18.24,18.06204978862479,25.46,25.602140657618293,3.8,3.778965367609544,-25.73278087,-28.176319194812095
18.64,18.4377609346393,25.46,25.91009964236582,3.73,3.6192207746803433,-24.95556498,-27.50644945827662
19.04,18.914665225760473,25.46,27.171638475512736,3.65,3.5050596145824784,-24.0195729,-26.466565296024783
19.44,19.38303630835253,25.46,27.073376027066843,3.59,3.3635440785669743,-23.60625735,-25.296535386092728
19.84,19.709431348788712,25.46,27.337789602184785,3.53,3.4217012692402022,-22.23282554,-24.294146134721814
20.24,20.213540749127787,25.46,27.66981745227531,3.47,3.4715580492497793,-21.34250453,-23.34392823916278
20.64,20.772071145880545,25.46,28.26550234244496,3.41,3.6210670103114353,-20.30235203,-22.3144573259342
21.04,21.48779238779207,25.46,29.05887561898271,3.35,3.360304606417685,-21.18179004,-21.07698965803138
21.44,20.964255957789646,25.46,25.878533174356562,3.26,3.3211401173552986,-5.698106666,-12.86069428382325
21.84,21.848146804199132,25.46,26.5390855458827,3.19,3.1962486900388285,-5.481317297,-8.056377963832347
22.24,22.340398383354113,25.46,25.28409924377047,3.14,3.1476746321000064,-5.386327562,-7.974720465921564
22.64,22.827320191338003,25.46,25.52076461906836,3.08,3.1054927515083364,-5.322490276,-5.567418439866742
23.04,23.289056724095644,25.46,25.93213568693318,3.02,3.0345130870641697,-5.250006073,-3.4851764518243726
23.44,23.639718853051818,25.46,25.548098697981914,2.97,2.978862480414591,-5.204745929,-3.579456629959168
23.84,23.9657905142285,25.46,25.547228869007085,2.92,2.9722980961973917,-5.208162176,-3.6791436645726208
24.24,24.31338807479733,25.46,25.59348826816131,2.87,2.9066226109221134,-5.166040465,-3.884209668292897
24.64,24.598783061241193,25.46,25.238188461124082,2.83,2.8630672212689205,-5.143640055,-4.521773540502181
25.04,24.998450958284593,25.46,25.59327567888249,2.78,2.8588107654227315,-5.150335928,-4.8487394370895345
25.44,25.369064316733784,25.46,25.59236016003706,2.74,2.8678272395932254,-5.164004242,-5.1099008205055725
25.84,25.756208996002897,25.46,25.419465507453424,2.7,2.835093751223667,-5.144113412,-5.542953113879776
26.24,26.21134727378194,25.46,25.019266674134997,2.66,2.826995009070288,-5.139916773,-6.666994183236966
16.24,15.818895608941602,25.86,26.334128148344462,4.17,3.972543055214828,-33.72439847,-29.350695494184038
16.64,16.299515606026034,25.86,26.502839345906978,4.07,4.115521758403247,-34.46379351,-31.247050481586484
17.04,15.791897565764884,25.86,24.29447635934048,4.01,4.142430777204481,-41.05175946,-30.37982593473862
17.44,17.552028313233677,25.86,26.49412692496844,3.94,3.987569349957539,-34.87274672,-30.04243925269111
17.84,18.129308689471145,25.86,26.31952269161411,3.86,3.8969219807563604,-31.2943029,-30.410447989444947
18.24,18.491634138421432,25.86,26.279928180461866,3.79,3.7265432553117535,-30.17997431,-29.892616583238123
18.64,18.64043520258383,25.86,26.304057417684817,3.72,3.6308403551461197,-27.64941442,-29.212278969906038
19.04,19.02444983829446,25.86,26.64254219814029,3.65,3.4773405255632497,-26.92248115,-28.223487762588775
19.44,19.303300071214835,25.86,26.69573202067113,3.59,3.4139565315649634,-25.5097956,-27.229645810759393
19.84,19.68457468491215,25.86,27.877429526954074,3.52,3.4745075344849283,-23.64443825,-25.533436309866374
20.24,20.23150261177034,25.86,28.273526530436357,3.46,3.4515914768794573,-23.05033166,-24.310757244675187
20.64,20.834119977398586,25.86,29.00048562507436,3.4,3.48174113183768,-22.40123216,-22.969109072204446
21.04,21.366519421628254,25.86,28.984626117933658,3.35,3.4713655025784647,-22.25389529,-23.19384880477446
21.44,20.86088536164425,25.86,26.08581868892361,3.26,3.313276120397404,-5.809599295,-15.269776697823545
21.84,21.726978176242483,25.86,26.841579413463478,3.19,3.2106674967085382,-5.62127689,-10.439734440267785
22.24,22.34041964117023,25.86,26.738046531289,3.13,3.137109776698253,-5.504070531,-7.779278324189363
22.64,22.791290190432846,25.86,25.754347081601736,3.08,3.0741808662874064,-5.422273702,-7.402125460183015
23.04,23.231559484322133,25.86,26.27164966725104,3.02,3.037541752609741,-5.381321547,-5.013163411495043
23.44,23.607152217648036,25.86,25.858539825378102,2.97,2.9709676245051924,-5.320224166,-4.711714243952883
23.84,23.94372522944286,25.86,25.809647654838045,2.92,2.9452746215770276,-5.3004577,-4.413744473393308
24.24,24.2906787956872,25.86,25.93371931843285,2.87,2.9161691287822578,-5.276875095,-4.231828831689199
24.64,24.58150790812033,25.86,25.64947491879866,2.83,2.9182921437181903,-5.276084956,-4.518336989771342
25.04,24.971818563657507,25.86,25.92562201032706,2.78,2.8909226247938022,-5.245478704,-4.541075968329096
25.44,25.329085084433245,25.86,25.906741079481435,2.74,2.914581431368333,-5.249463745,-4.5822299663268495
25.84,25.745109856017734,25.86,25.8927294001478,2.7,2.961444628033405,-5.264137798,-4.877030788309639
26.24,26.18169907382071,25.86,25.459172355316696,2.66,2.971234778991402,-5.242303292,-5.953752641362371
16.24,16.81806259296536,26.26,26.276290059977327,4.16,4.054451896199225,-28.80178003,-28.86557583764079
16.64,16.829139244769976,26.26,25.817881934301113,4.09,4.097193737231919,-30.36011322,-29.38956536873593
17.04,16.784079296920027,26.26,26.399130228281138,4.0,4.085862538829588,-35.19569427,-30.864147702319315
17.44,17.500528839123945,26.26,26.252408824235317,3.93,3.9283871766906486,-58.26307211,-30.880636576999677
17.84,18.222209177152763,26.26,27.195971858411212,3.86,3.853701865396488,-35.79290155,-30.774216434074333
18.24,18.51133902638503,26.26,26.824908992814017,3.78,3.7803426249388394,-32.22449224,-31.06859097161214
18.64,18.88695615970755,26.26,26.843747841732693,3.71,3.61456272942587,-31.86685186,-30.435248160589254
19.04,18.945658654613,26.26,27.02170364338963,3.64,3.6098453746903942,-27.97836321,-29.41372366246651
19.44,19.24587511046957,26.26,27.09311471846013,3.58,3.5408218695533833,-26.774694,-28.3222042460402
19.84,19.62603023212978,26.26,27.353843905919348,3.52,3.509205774339989,-25.66960199,-27.270951856829925
20.24,20.07428162218821,26.26,27.96315434879216,3.46,3.554691901431852,-24.26014354,-26.16188437290839
20.64,20.59865072858338,26.26,28.942935284940177,3.4,3.6884697504442556,-22.65962184,-24.882864678831538
21.04,21.105428535227475,26.26,29.591566431350657,3.34,3.471380753705944,-24.65548921,-23.326336377038388
21.44,20.769436794593275,26.26,27.58268946131284,3.25,3.3111113223071698,-5.943651674,-15.37978797670803
21.84,21.612326860411486,26.26,27.090807288259384,3.19,3.188711772521401,-5.738596838,-12.648233549058205
22.24,22.245577072286324,26.26,27.00708352048241,3.13,3.108149665874862,-5.621378673,-9.84091879040352
22.64,22.77173959366155,26.26,27.242087953331065,3.07,3.0465387928502423,-5.545361634,-7.135339313856093
23.04,23.162104560613443,26.26,26.57799683774647,3.02,3.005476821848333,-5.500790462,-6.524909332132665
23.44,23.541208231252313,26.26,26.215520377110806,2.97,2.959100353140002,-5.45368133,-5.86181880402728
23.84,23.900739403992702,26.26,26.146625015957397,2.92,2.927295748749657,-5.419168632,-5.197308369766688
24.24,24.264022380519236,26.26,26.252667939828825,2.87,2.8970625857632513,-5.380692791,-4.6562426329765
24.64,24.63308093060732,26.26,26.55969979155634,2.82,2.915425078071621,-5.376991354,-4.449789593083551
25.04,24.955476901637667,26.26,26.31379769400519,2.78,2.927451047843988,-5.35598004,-4.303695000038715
25.44,25.319279534667658,26.26,26.35077621236269,2.74,2.9943499927553603,-5.369186118,-4.0824040579318535
25.84,25.731422117545662,26.26,26.33245007666119,2.7,3.0683318016540397,-5.374369613,-4.1842057576577645
26.24,26.169550383796377,26.26,25.912454614022863,2.66,3.120210325535936,-5.346527631,-5.145931768551236
16.24,16.194944803848557,26.66,25.889401451408048,4.15,4.180496256778042,-23.8723666,-27.57665001632995
16.64,17.155896615031452,26.66,25.5320406343817,4.09,4.0523355748459835,-28.5030654,-28.281297663546866
17.04,17.17300592578067,26.66,26.03007869866269,4.0,4.053376250210476,-28.95454399,-29.95325384484022
17.44,17.52353685635717,26.66,26.854624069077545,3.92,3.9640322481513977,-35.13893904,-31.041671307611978
17.84,18.053961249794156,26.66,26.994545079840464,3.85,3.885433485521844,-34.11578923,-31.219585018785438
18.24,18.271077792827782,26.66,26.67199919799168,3.78,3.8318447132201072,-31.02418205,-31.19879132459755
18.64,18.928299597331716,26.66,27.10150008102937,3.71,3.6540170968160055,-33.49231271,-30.913973700109636
19.04,19.64139760611397,26.66,27.43800668559561,3.64,3.4055111054417466,-35.27919526,-30.233874096156796
19.44,19.25442939513414,26.66,26.742444552495726,3.58,3.586807887449595,-29.300555,-29.38796071926481
19.84,19.617431363569267,26.66,27.21394683206745,3.51,3.546482237893997,-28.69439232,-27.833151800412452
20.24,20.04962794011044,26.66,27.947847532705055,3.45,3.584855913586125,-26.91521423,-26.555693200760288
20.64,20.62925049342266,26.66,29.219946035023895,3.39,3.6817326856703403,-24.98863669,-25.070779094094178
21.04,21.06927459948747,26.66,29.435410042016883,3.34,3.6896928715518698,-25.36841379,-24.876654245628743
21.44,20.49724829394654,26.66,27.90722308594559,3.25,3.3138430504855023,-6.112708739,-17.37815860772389
21.84,21.438413898138606,26.66,27.370883406561916,3.19,3.1587460049936453,-5.872684601,-14.615292554342886
22.24,22.108718284200222,26.66,27.29369411811058,3.13,3.0631512801205645,-5.748073571,-11.724397071957355
22.64,22.656084912085134,26.66,27.554363520888728,3.07,2.9948915084182772,-5.671695761,-8.883639976469567
23.04,23.09091995873132,26.66,26.847969223934342,3.02,2.9327983309863157,-5.606855829,-7.977108429622604
23.44,23.48713368146673,26.66,26.491243490207125,2.97,2.886983257261363,-5.557251394,-7.000398292992031
23.84,23.850296635819177,26.66,26.46645655327302,2.92,2.873369477908909,-5.532039835,-6.016336749977199
24.24,24.226243952723962,26.66,26.618549289836665,2.87,2.865834388512212,-5.499690178,-5.1617655271838885
24.64,24.607648790040912,26.66,26.953762627745164,2.82,2.902367683587272,-5.49285198,-4.660220324498368
25.04,24.942513221581976,26.66,26.760290755264577,2.78,2.9557749805549065,-5.482276221,-4.187495753489202
25.44,25.307545441244656,26.66,26.703153650116292,2.74,3.0231093973648058,-5.463404913,-3.6904483808611985
25.84,25.71915891167555,26.66,26.69511343126942,2.7,3.1365321369244157,-5.464391303,-3.5759233858261723
26.24,26.30293891090514,26.66,26.260655831036274,2.65,3.258260927659194,-5.449846362,-5.881101828854298
16.24,16.514447446750637,27.06,25.401261353646987,4.16,4.183489420954629,-22.18796822,-25.25245470434311
16.64,16.486242690267318,27.06,26.098138764922624,4.07,4.144709304762273,-23.64675527,-27.37093264629948
17.04,17.145789986256204,27.06,26.36331058900396,3.99,4.029432369637561,-26.25746838,-29.071885797864525
17.44,17.715238892718844,27.06,26.76652575029584,3.91,3.903136428046764,-28.95175603,-30.53941799941822
17.84,18.102345337318184,27.06,26.66539925117104,3.85,3.804303514343246,-31.86431384,-30.423585499840556
18.24,18.655256104188084,27.06,27.513689420491573,3.77,3.7078118578879184,-35.47653858,-31.236977174150525
18.64,19.209526616554285,27.06,27.677438699596678,3.7,3.586286652914623,-35.98380825,-31.08569847428589
19.04,19.067375678392636,27.06,26.87821267209074,3.64,3.62836428277069,-32.18404861,-30.503891219355864
19.44,20.3195829829765,27.06,27.710380170625285,3.57,3.2521116820221323,-37.08418715,-29.61688435715041
19.84,19.570094360065923,27.06,26.858061347345938,3.51,3.619263873298678,-30.65655472,-28.68727727231453
20.24,19.74253615466114,27.06,26.91967048427614,3.45,3.6300287280405428,-31.14879038,-27.597809244849486
20.64,20.17381233922606,27.06,27.847613059871946,3.39,3.72883744497949,-29.26064524,-26.256284875882557
21.04,20.33019736155802,27.06,28.808237849050784,3.33,3.8265647093444386,-29.43760239,-24.57698955081287
21.44,22.885216917375146,27.06,26.81601358258922,5.0,4.794733988988355,-10.59916516,-16.547558782825945
21.84,22.862225546921763,27.06,27.144282613138785,5.0,4.890748862178498,-10.66512944,-13.091104180755792
22.24,22.884440515814276,27.06,27.25861708780576,5.0,4.966138798810334,-10.60137146,-10.39688464786741
22.64,22.952598773785212,27.06,27.227284682987374,5.0,5.018163767433634,-10.41302275,-8.417368791735498
23.04,23.073975761200927,27.06,27.119531458316487,5.0,5.0389910633980435,-10.10142835,-7.0931618220347445
23.44,23.2044222725508,27.06,26.969193205426564,5.0,5.04697870883092,-9.794902478,-6.360191384068457
23.84,23.37917907324845,27.06,26.879241630856995,5.0,5.023037925422159,-9.42132867,-6.156893394159852
24.24,23.570542976840443,27.06,26.930968090731767,5.0,4.982820619430186,-9.051282992,-6.4313978568825405
24.64,24.138042844902884,27.06,26.92994413380802,5.0,4.687379996752043,-8.124892806,-7.1487146943982225
25.04,24.570950798048216,27.06,27.160584858691436,5.0,4.469651124994471,-7.537902499,-8.297919579519657
25.44,25.414742714025124,27.06,27.154251344923978,5.0,3.9429715449382456,-6.583955177,-9.89933974921587
25.84,26.32830488192667,27.06,27.211428502414492,5.0,3.36262553455299,-5.738950376,-12.011739851644961
26.24,26.34061276065586,27.06,26.780675767877256,2.65,3.3789737999845784,-5.557696396,-5.48200926327263
16.24,16.234067982773922,27.46,26.25634678809729,4.15,4.157386995031175,-19.39189932,-22.651502608292503
16.64,16.639787346748562,27.46,26.353273240107228,4.07,4.137533530150449,-21.72723991,-24.99071194147109
17.04,16.76217560238547,27.46,26.70955393453187,3.99,4.053354400859007,-23.06742433,-27.005469514493598
17.44,17.482258972870113,27.46,27.002073568597552,3.91,3.9065136377262206,-25.41238695,-28.801844892761437
17.84,18.141372967873394,27.46,26.873346699183458,3.84,3.757530479358593,-27.87900917,-29.68659038093756
18.24,18.229072679007004,27.46,27.046465684092254,3.77,3.725093219205064,-27.82446989,-30.26637353093247
18.64,18.906733705529405,27.46,27.12533497485856,3.7,3.578934714803381,-33.06543293,-30.494101759948535
19.04,19.29951485057063,27.46,27.335784007169423,3.63,3.5025765969853637,-35.36137304,-30.25627755394089
19.44,19.745125949220892,27.46,27.5029377410101,3.57,3.404055192449505,-36.54915616,-29.70350342380698
19.84,19.67448661356866,27.46,26.64576007857977,3.5,3.52194993533476,-34.81650442,-28.46116335640545
20.24,20.007717523314568,27.46,27.78500278732099,3.44,3.7518767921369545,-28.91675924,-27.307426857732935
20.64,20.196495681329907,27.46,27.65911995987699,3.39,3.841122294566503,-29.92479166,-26.984719697589753
21.04,19.798324694942494,27.46,27.3133601903246,3.33,3.719433890344135,-36.16445799,-25.44582572064246
21.44,22.146374460609877,27.46,27.495516997601953,5.0,4.190368022385428,-31.18601335,-25.702787608577637
21.84,21.538520673608218,27.46,27.217609237952274,4.99,4.263489165250121,-22.66237703,-23.008709029032616
22.24,21.719574608358016,27.46,27.251538400378195,4.99,4.557161039754192,-19.31339692,-21.66395919464412
22.64,22.011683446862662,27.46,27.275935672878404,4.99,4.858434110539292,-16.72596033,-20.49140031656134
23.04,22.536219993866325,27.46,27.38526784403075,4.98,5.0629968839652975,-15.01524481,-17.02135642824578
23.44,22.806577879555334,27.46,27.4682590461598,4.98,5.197679483747834,-13.47665784,-15.675512840709416
23.84,23.3194082569662,27.46,27.509125133234193,4.97,5.245773308315165,-12.14309144,-12.068282435386209
24.24,23.64149445098701,27.46,27.578992456386914,4.97,5.205592697058364,-10.94174945,-10.562597996293334
24.64,24.18312867410532,27.46,27.604099095988204,4.96,5.0914713696270155,-9.899128854,-7.8342353144835215
25.04,24.64497456114441,27.46,27.615653010390815,4.96,4.861253365082575,-8.802724326,-6.573910441453336
25.44,25.457442846511185,27.46,27.366896955834818,4.95,4.465424440998959,-7.635407173,-6.4259283074352425
25.84,26.250606639134276,27.46,27.13207571064413,4.94,4.084952370148585,-6.735101503,-9.28893667293596
26.24,26.899248930390968,27.46,26.91944559205149,4.95,3.5540399601100034,-5.763285332,-6.531269269733457
16.24,19.845216956802687,27.86,30.57443335519929,3.3,3.4461627169598614,-37.44094348,-35.91466214982211
16.64,16.146735643325883,27.86,25.175085635870346,4.12,4.076557985326417,-17.43593788,-21.649775650788797
17.04,16.28306137615982,27.86,24.377501892580767,4.05,4.075349465574163,-19.17032985,-22.374886067555053
17.44,16.98778614756702,27.86,23.604374328177073,3.98,3.977269791577328,-21.46185124,-23.030413232481806
17.84,17.0835653523809,27.86,23.95694196068507,3.9,3.884055424060989,-22.51250384,-24.450535962794675
18.24,17.70374242946673,27.86,23.398163565972936,3.84,3.7617845825093355,-24.16213178,-25.033075278362958
18.64,18.266994580391838,27.86,23.734180652492796,3.77,3.659655873250358,-25.76697536,-26.419273110775976
19.04,18.536232507727618,27.86,24.55787634146691,3.69,3.638057956233297,-26.32926317,-28.26855740134488
19.44,19.29987415362666,27.86,25.663980504512438,3.63,3.5415003911271015,-30.53430475,-29.20923613102059
19.84,19.461078700753205,27.86,25.67500609527633,3.57,3.621053435470003,-30.32118557,-30.173213905160083
20.24,19.61969026096449,27.86,29.429328842277755,3.5,3.467376124326165,-36.90796037,-30.73743059762637
20.64,19.660552733605073,27.86,29.12813741104037,3.44,3.6726393092189937,-36.20037609,-31.058460359665332
21.04,19.690911136798604,27.86,29.415820683250786,3.38,3.908645278098902,-35.86492042,-30.934468888415722
21.44,20.708028829218165,27.86,28.60546499445627,3.33,4.23518667781309,-29.4926448,-31.288911663898034
21.84,21.74404808754298,27.86,28.658178793921252,4.94,4.603805743981411,-32.69540372,-27.51514232318732
22.24,21.64693781202186,27.86,28.33159116488241,4.93,4.443359393518676,-24.57915606,-24.262539691961138
22.64,22.252515482670788,27.86,28.092895706256968,4.93,4.5972318568469746,-20.42422348,-22.95401560582104
23.04,23.012211528386615,27.86,28.00182845031668,4.92,4.801226873759788,-17.98969024,-19.1095410042617
23.44,23.38135274866181,27.86,28.023234448817675,4.92,4.97213427973611,-16.1489987,-17.613194604142336
23.84,23.742746527726922,27.86,28.005632847969537,4.92,5.1028637920476285,-14.38186196,-15.897632531559793
24.24,24.20457678944331,27.86,27.998617729826947,4.91,5.1627545321766775,-12.99690439,-11.9304234648298
24.64,24.570229086848485,27.86,28.070898860067246,4.9,5.1731992150103,-11.92876928,-8.74366091817501
25.04,24.83405625706473,27.86,28.141948568823864,4.9,5.125244472832037,-10.76298328,-7.221810475195525
25.44,25.139861552610455,27.86,28.1614522102318,4.9,5.0159048977452585,-9.628171395,-5.506747096980689
25.84,25.58846597748743,27.86,27.948899108640035,4.89,4.865215920611718,-8.584631644,-6.02284818814951
26.24,25.953625074964293,27.86,27.85128246138629,4.89,4.7224126318701565,-7.682442203,-5.783519076387165
16.24,16.932045542574997,28.26,28.406966025897418,4.13,4.084925065742482,-16.00988153,-16.01415010818164
16.64,16.6197672478429,28.26,29.59595286125841,4.04,4.109102632095073,-17.66345432,-19.83924446182209
17.04,16.906108547378608,28.26,28.669306984593277,3.98,4.044552155895417,-19.18443642,-22.14272671143408
17.44,17.29477795789535,28.26,29.041672699226183,3.9,3.9217199940844694,-20.8760439,-24.621685352380155
17.84,17.63053992780442,28.26,28.907692733526346,3.83,3.7994779616360574,-22.10540896,-26.203195426118327
18.24,18.1626761217467,28.26,28.763745611024206,3.76,3.6727880877019743,-23.50826358,-27.395001357625006
18.64,18.576287493893687,28.26,28.81742896589276,3.69,3.592152280006758,-24.55678544,-28.171305709256558
19.04,19.042983619465303,28.26,28.168027826133766,3.63,3.541032697854007,-25.660612,-28.36348497864674
19.44,19.805106317360696,28.26,27.54244350468798,3.56,3.438049517144009,-29.07052231,-28.27438008596073
19.84,19.96880265310574,28.26,27.521656887387508,3.5,3.5365262368954973,-29.06321453,-27.90325350544299
20.24,20.228227504934694,28.26,27.85673066934396,3.43,3.655224821524371,-29.66274296,-26.594911009975476
20.64,19.42791645557554,28.26,26.547145694392384,3.38,3.7321849560335068,-35.35116898,-26.300645650335355
21.04,19.46559481281838,28.26,27.164760902363923,3.32,3.5674735303705347,-38.90132953,-24.940755484130932
21.44,22.114642947684843,28.26,28.047243667722796,4.87,4.044572328706181,-37.66579433,-29.541694590094266
21.84,21.413376837093892,28.26,28.227999412527424,4.87,4.375562072812954,-27.16383162,-27.85287963107112
22.24,22.312495865566234,28.26,28.057304676927743,4.87,4.462334662509875,-21.99982285,-26.45629206459853
22.64,23.22503132255042,28.26,28.044207454266143,4.86,4.627455280432969,-19.57504229,-22.607260183634935
23.04,23.824401706135177,28.26,28.019983279707958,4.86,4.798645505297372,-17.18022439,-21.216579010913847
23.44,24.379679541742007,28.26,28.131541126480442,4.85,4.913138653495025,-15.52782479,-17.10364248996484
23.84,24.644093727923973,28.26,28.15750391264737,4.85,4.979476041387443,-14.13218485,-15.596736637147842
24.24,24.973658809582048,28.26,28.328805854849634,4.84,4.997507338580817,-12.83393801,-11.869558236765442
24.64,25.14531561068543,28.26,28.344214554017526,4.84,4.968893007238421,-11.65006573,-10.427316568995593
25.04,25.312013940869292,28.26,28.320836685670656,4.84,4.89417462775009,-10.51483479,-8.802678061387269
25.44,25.50791582951024,28.26,28.317137502555852,4.83,4.829259132465722,-9.627085881,-7.578501792362658
25.84,25.675383546358717,28.26,28.035146369904396,4.83,4.740324951309503,-8.691397993,-6.9236392394814175
26.24,25.951921684403715,28.26,27.782682932403986,4.82,4.594625505947533,-7.634998038,-10.301126768550603
16.24,17.766378936326873,28.66,28.802588879843825,4.13,4.088133022758029,-15.00907894,-12.452162996371044
16.64,17.198908104617658,28.66,29.646949222733383,4.05,4.089068392482204,-16.13539938,-16.262819179304643
17.04,17.235849554997912,28.66,30.10807705683692,3.97,4.035693734550932,-17.76539072,-19.49309641585569
17.44,17.286323818783785,28.66,29.241067169539747,3.91,3.94346740318133,-18.7697496,-21.378777833393542
17.84,17.691537757809783,28.66,29.732108319891267,3.83,3.809208450789356,-20.31287412,-23.721623252116842
18.24,18.08159673487353,28.66,30.519328520123963,3.75,3.6844902166353677,-21.58716135,-25.64352987447637
18.64,18.574749847784915,28.66,29.603522586883628,3.69,3.585722920362514,-22.73093853,-26.320977472205414
19.04,19.26424764984222,28.66,29.508250012251665,3.62,3.4870186567654855,-24.25847021,-26.939442746544955
19.44,19.815902676635233,28.66,28.765337199743954,3.56,3.446908125007667,-25.63064522,-27.078278315922944
19.84,20.424422062262238,28.66,27.94513652358728,3.49,3.3775604904453758,-29.02670721,-26.65786165485042
20.24,20.12630113353771,28.66,26.931643453906872,3.43,3.4724162989091383,-31.95329128,-26.077068305545254
20.64,20.882548168619905,28.66,29.212070656198193,3.37,3.730124720555523,-28.12077199,-25.163331397779984
21.04,21.24036084400541,28.66,30.00873504341871,3.31,3.926151204411781,-28.66629188,-23.876583256496815
21.44,21.26626575975206,28.66,27.881755155234714,4.82,4.242115716225726,-34.09055517,-32.4682367418136
21.84,21.260579397267065,28.66,28.57359347313468,4.81,4.47402398350232,-30.42251641,-29.159642054903088
22.24,22.422777162193597,28.66,28.64491269965947,4.8,4.448460798573706,-23.89355519,-25.452152792568086
22.64,23.227101490743735,28.66,28.479276487676543,4.8,4.573055579932316,-20.9196069,-24.192254146764753
23.04,23.949867801360597,28.66,28.43847877527878,4.8,4.704883274238,-18.36027498,-22.99416760468739
23.44,24.546177588939827,28.66,28.559597334780847,4.79,4.796564058947752,-16.70821624,-18.9227560267027
23.84,24.838027165837048,28.66,28.651635903821443,4.79,4.854195763234657,-15.1527156,-17.55738402364659
24.24,25.122574296894527,28.66,28.913900570201804,4.78,4.875191030406768,-13.84126589,-13.78280438503134
24.64,25.226101030913924,28.66,29.027650312011247,4.78,4.863601005150031,-12.59183715,-12.398116050026147
25.04,25.280822554659608,28.66,29.005522089501028,4.78,4.840231376999782,-11.5442011,-10.79921156281489
25.44,25.31588036165158,28.66,29.015953408161295,4.78,4.787432080187045,-10.38479692,-8.949418471864192
25.84,26.218657371746303,28.66,29.32866238868155,2.69,2.9970962683305515,-6.030869147,-8.791339719871758
26.24,25.355888101328674,28.66,28.83784685000137,4.76,4.786873418089726,-8.538632574,-11.269208624231396
16.24,17.78204091274347,29.06,30.57443335519929,3.3,3.2534037942036775,-37.44094348,-39.31172989853076
16.64,17.699001933591717,29.06,28.002652195064,4.11,4.008949541706443,-13.26800709,-13.509473000158323
17.04,17.592301972616042,29.06,27.140709856248577,4.04,4.026501737747367,-14.89725648,-15.214401879784418
17.44,17.448405155706496,29.06,26.337623234678176,3.97,3.9771706568440095,-16.11438643,-16.61335044304724
17.84,17.47069225969426,29.06,26.216791886268766,3.89,3.8909694569024396,-17.44943997,-18.443633820832474
18.24,17.731402339120905,29.06,26.43302268414118,3.81,3.782832150014201,-18.80982441,-20.575306992715923
18.64,18.072359717041763,29.06,25.403761148932972,3.75,3.6970868562943906,-19.85985512,-21.831803423090605
19.04,18.77813542497279,29.06,25.334382687302423,3.68,3.587918558792353,-21.37689796,-23.54136820041458
19.44,18.956116936109538,29.06,25.714375928524532,3.61,3.5832054102006623,-22.01118988,-25.047147499833954
19.84,20.17360379107231,29.06,25.421664184323163,3.55,3.474755608223404,-24.39671377,-26.096166280534817
20.24,20.639392402516023,29.06,25.66605349520978,3.49,3.5184867977745853,-25.66090906,-26.95103866813588
20.64,21.07237180226184,29.06,26.402326052324497,3.43,3.6000774614017246,-27.65231271,-27.490275296819163
21.04,21.25599614638304,29.06,27.43534064113919,3.37,3.8076685325736435,-27.81316466,-27.589571604010416
21.44,21.597126804843356,29.06,29.02071686567797,3.31,4.036557218970756,-27.4444043,-27.140443544340087
21.84,21.364682940458806,29.06,28.95507318091404,4.75,4.38475419965971,-31.15227991,-29.530493027734337
22.24,22.34522912952343,29.06,29.23095334561367,4.75,4.744506206546703,-37.98646373,-28.67603356364998
22.64,21.7478183404437,29.06,29.251970434750547,4.75,4.648497729992869,-26.15505201,-27.936412870622007
23.04,22.97702712341379,29.06,28.985403866230627,4.74,4.652286359714253,-22.78217202,-24.20758827982354
23.44,23.83927015513291,29.06,28.704595287053962,4.74,4.692368595403877,-19.82630096,-23.198812961782096
23.84,24.562743534332185,29.06,28.705893729653326,4.73,4.736069911153663,-17.8543564,-19.207328336982755
24.24,24.844657696796276,29.06,28.72829487019044,4.73,4.760408147654289,-16.34253313,-17.833233360404847
24.64,25.036371928594235,29.06,28.833428996571456,4.73,4.773525931488166,-14.80525639,-16.08910671735066
25.04,25.180397106769306,29.06,29.049844118839246,4.72,4.7806684380425395,-13.5702195,-12.8278938724834
25.44,25.159894882204753,29.06,29.03461456154764,4.72,4.801075931443393,-12.50193829,-11.074679216573713
25.84,25.083913285719973,29.06,28.941206230854732,4.72,4.851253591501063,-11.38819822,-9.039511860552011
26.24,26.41965645446726,29.06,29.59050515895069,2.69,3.3071285454147983,-6.133022308,-4.428491255588597
16.24,17.02060020508179,29.46,30.57443335519929,3.3,3.243185255539629,-37.44094348,-39.03373256439227
16.64,18.427705002073708,29.46,28.10749429250427,4.12,4.028664797589499,-12.4641188,-11.355113730503945
17.04,17.78524791818745,29.46,28.459690624687937,4.03,4.022451704842297,-13.6202704,-12.840885087120114
17.44,17.73215483056083,29.46,28.22604216299078,3.95,3.966332067293024,-15.09618232,-14.747223108744947
17.84,17.835249007706807,29.46,26.856484556177747,3.89,3.885852280750896,-16.19418818,-16.12695905493456
18.24,17.861142506675606,29.46,26.30388073164795,3.82,3.801611927623071,-17.1959827,-17.82314720840077
18.64,18.173815120911968,29.46,25.88436530654144,3.75,3.70822729524798,-18.37282363,-19.619917209463893
19.04,18.592813315450258,29.46,25.759092404696275,3.68,3.6279302384878065,-19.53312923,-21.423334076505853
19.44,19.32981032182397,29.46,25.895611411557184,3.61,3.5437854463611984,-20.98065322,-23.069057511835126
19.84,19.715108855742074,29.46,25.57867488056945,3.55,3.5477228826725877,-21.83641616,-24.254345743887825
20.24,20.831617457324683,29.46,26.389361360066687,3.48,3.4880516681819245,-23.94569916,-25.20617592704366
20.64,21.118347492212706,29.46,26.17442855828267,3.43,3.600179739537907,-24.59556731,-25.969994183367817
21.04,21.451317905126416,29.46,27.224341429551714,3.37,3.7521510759193006,-25.18707453,-26.267083108628867
21.44,21.89428944940846,29.46,28.900939621278667,3.31,3.9335023920225467,-25.88866151,-26.04856063282932
21.84,21.228587552815952,29.46,29.67293259112921,4.7,4.158434928767292,-28.23115244,-31.35749667158234
22.24,22.354638721406445,29.46,28.80597607763775,4.69,4.690563249992465,-35.75370779,-28.475026308296947
22.64,21.610300677797568,29.46,29.75850675017864,4.69,4.81015245374283,-30.27998615,-28.12257751004654
23.04,22.78414512278505,29.46,29.50178976736788,4.68,4.668490844569078,-24.68892065,-24.721391390747158
23.44,23.53653637636853,29.46,29.185205885980395,4.68,4.670084981998571,-21.86087862,-24.073883576056687
23.84,24.23462243107315,29.46,29.013936046350864,4.68,4.6747583469200436,-19.24659822,-23.145486329885898
24.24,24.80419781736964,29.46,29.14976855130226,4.67,4.674458286355275,-17.43713331,-19.282992099615512
24.64,24.95946233806717,29.46,29.243361927641672,4.67,4.663939259853123,-16.04397651,-17.821606729383348
25.04,25.094777443619023,29.46,29.60563208030362,4.66,4.659248289660809,-14.60561154,-14.62467693418148
25.44,25.02173039497393,29.46,29.613480236337637,4.66,4.673551399720509,-13.5586156,-13.049228605086682
25.84,24.86203540841052,29.46,29.598471187477116,4.66,4.734709134741479,-12.40416876,-11.161186349781929
26.24,24.643107664420313,29.46,29.57248721709766,4.65,4.867257028884978,-11.3668515,-11.441822639404563
16.24,16.372344767672985,29.86,30.57443335519929,3.3,3.2547698887296974,-37.44094348,-38.336040822643554
16.64,17.333342291849476,29.86,30.541890247681295,4.08,4.0496964036951795,-10.32380903,-8.13145174641977
17.04,17.463292957107114,29.86,29.92351386214432,4.02,4.035696941778497,-11.9350121,-10.728948696720181
17.44,18.00440117646758,29.86,28.35954342847981,3.96,3.9681938150911265,-13.76100906,-12.426393568253843
17.84,17.840980399543696,29.86,28.35186895869265,3.88,3.8886312875924887,-14.8313167,-14.3123472740117
18.24,18.392149521152533,29.86,26.737713435213664,3.82,3.7764123430984,-16.26581021,-15.652390455798013
18.64,18.072833266631278,29.86,27.3812667310267,3.74,3.7208887356041487,-16.88644897,-17.862482358439593
19.04,18.712058612609326,29.86,27.103007434066967,3.67,3.620147038943742,-18.28887268,-19.646089253918035
19.44,19.093041331476343,29.86,26.288969788132817,3.61,3.579753141931633,-19.22619349,-20.997528059611795
19.84,19.377416224915578,29.86,26.833051935318508,3.54,3.581379575256051,-20.03000484,-22.439927508094115
20.24,20.22680746149672,29.86,26.65110093333351,3.48,3.569062300238784,-21.37498459,-23.439107879734365
20.64,21.638487306858224,29.86,26.94946730673837,3.42,3.5144427047430327,-23.78090714,-24.166081363073317
21.04,21.323969030023363,29.86,27.963682813817286,3.36,3.7404066324029372,-23.13971458,-24.521733307250543
21.44,21.42948861938021,29.86,28.570381220211857,3.31,3.9284023689629066,-23.01891018,-24.833122698328225
21.84,22.109010928614225,29.86,30.22183176416729,4.64,4.039889824585316,-25.47615511,-29.85655258942279
22.24,21.626468846005082,29.86,29.83778914292634,4.64,4.367225975665406,-31.83409719,-30.10500026421505
22.64,22.94868908088938,29.86,29.356918159362976,4.63,4.893998223889412,-36.00624171,-27.466523758805124
23.04,22.138368178331802,29.86,30.18811808510509,4.63,4.763486140605437,-28.22058386,-27.486538023425965
23.44,23.453311566610864,29.86,29.689937643081066,4.62,4.667054098471908,-23.51380574,-24.251566793042002
23.84,24.031347882873888,29.86,29.45741542505857,4.62,4.650850930434444,-21.12366412,-23.727915669063805
24.24,24.497353716809812,29.86,29.423674804580514,4.62,4.6210613563685,-18.89785018,-22.763512126373826
24.64,24.897860021153974,29.86,29.634053741538082,4.61,4.585272216901558,-17.36376226,-19.06982895100373
25.04,24.932106185062366,29.86,29.83071706125338,4.61,4.557069588213835,-15.89880289,-17.451454117632238
25.44,24.84229596159821,29.86,30.002293807061506,4.61,4.556659494433461,-14.58846479,-15.267269295378355
25.84,24.69406139169405,29.86,30.29926334421907,4.6,4.610065960159318,-13.38506633,-13.024490346404491
26.24,24.415072211033475,29.86,30.057909254872357,4.6,4.74183943629896,-12.37212511,-11.054212135000853
16.24,15.893127171000742,30.26,30.57443335519929,3.3,3.281561061864977,-37.44094348,-37.42196935773245
16.64,17.94831328667169,30.26,29.911539180742693,4.1,4.093560566566794,-10.20386712,-7.23558542408864
17.04,17.815875722792043,30.26,30.183521064245724,4.02,4.051402194463208,-11.38323686,-9.153603327431483
17.44,17.684083623082188,30.26,30.342313855377142,3.94,3.9805104966885665,-12.48275621,-11.021480376803083
17.84,17.967594589657892,30.26,29.683458090716158,3.87,3.87928872128532,-13.80797716,-12.751012911525322
18.24,18.11924920618003,30.26,29.15531282145821,3.8,3.782895325808113,-14.87845461,-14.463208056491567
18.64,18.562564793302954,30.26,27.745482935235486,3.74,3.684851595267446,-16.03779576,-15.809466423204867
19.04,18.743156945796727,30.26,27.58020147024945,3.67,3.618607538586275,-16.96567987,-17.56197804652038
19.44,18.89118532536486,30.26,27.762148109279224,3.6,3.5867717255546268,-17.76826921,-19.2215364461008
19.84,19.4985994111903,30.26,27.087305371896946,3.54,3.5596288673200434,-18.8687614,-20.46973912624526
20.24,20.363840750824238,30.26,26.802804706225288,3.48,3.544890427897826,-20.20337198,-21.588676094281254
20.64,21.333091845617673,30.26,27.059656134355464,3.42,3.554688350946435,-21.68922836,-22.486882928729756
21.04,21.71153857619902,30.26,27.963907615179778,3.36,3.670249160809817,-22.3895944,-23.071849654632388
21.44,21.2493911408219,30.26,29.42778776587511,3.3,3.8974632931435735,-21.63153896,-23.268656456348253
21.84,22.544267515722822,30.26,30.548020420203102,4.59,3.9907027928798016,-23.60397818,-29.926795972249238
22.24,22.087531178343852,30.26,30.718424812381272,4.58,4.106158772433901,-29.6332905,-28.169684929511277
22.64,22.906478761286053,30.26,29.59993066797324,4.58,4.615365905535782,-35.28600803,-28.913603675289778
23.04,22.679386197572967,30.26,30.543497366437805,4.57,4.725817388470659,-30.50221864,-26.49062132529798
23.44,22.923421435478303,30.26,30.375973100148258,4.57,4.698023345868478,-26.30136981,-26.737838274537353
23.84,23.94116926319657,30.26,30.031414019715157,4.56,4.658113119070094,-23.25251395,-23.648489563929616
24.24,24.413175022082214,30.26,29.838246653045644,4.56,4.603567178879075,-20.72802802,-23.122618645167677
24.64,24.67712164245131,30.26,29.902077386694145,4.56,4.543744804142534,-18.75192619,-22.01435239307466
25.04,24.940754944776927,30.26,30.230238864503917,4.55,4.489012977451694,-17.17030177,-18.537578430696158
25.44,24.84159777822606,30.26,30.380455602848087,4.55,4.456342568425953,-15.91532439,-16.717362574971048
25.84,24.60253144101989,30.26,30.54937454110768,4.55,4.489658391359171,-14.57316924,-14.28904541322845
26.24,24.343743932926373,30.26,30.65280654952221,4.54,4.603724188369142,-13.47937107,-12.815185688639758
16.24,15.61665062251086,30.66,30.57443335519929,3.3,3.3151970992416864,-37.44094348,-36.51060992418206
16.64,17.307557035177524,30.66,30.426497603140888,4.09,4.177862707337681,-9.189019187,-6.311240193637786
17.04,17.42278636051742,30.66,30.623900471211527,4.02,4.1097858152584195,-10.22416166,-8.336902127572102
17.44,17.295918488436655,30.66,31.51244952606794,3.93,4.017537646127948,-11.23008001,-9.997140450839652
17.84,18.017397550165697,30.66,30.18933249982365,3.87,3.87988429396637,-12.77350909,-11.358605140558211
18.24,18.3625795515527,30.66,29.599072905504727,3.8,3.7642438527341255,-13.947982,-12.840536667936249
18.64,18.55947194644068,30.66,29.219378407884506,3.73,3.6700986875162016,-14.92215848,-14.401687914709328
19.04,18.794828238371338,30.66,29.070134820547537,3.66,3.595558599708511,-15.87833771,-16.00409221506561
19.44,19.217869101439646,30.66,28.04955848051759,3.6,3.545160313145516,-16.85615064,-17.268635649903445
19.84,19.887912861942823,30.66,28.427475499469438,3.53,3.5046921340485824,-18.1026887,-18.72253780576284
20.24,20.463362756503557,30.66,28.109421082262998,3.47,3.515730931068447,-19.12387967,-19.81862933418597
20.64,21.01715033760229,30.66,28.29376860866614,3.41,3.568466371734303,-20.07353405,-20.75532632714021
21.04,20.872699255587577,30.66,27.92620655965584,3.36,3.715508211121687,-20.13103498,-21.574358942190884
21.44,21.29577032191264,30.66,29.33035590792133,3.3,3.8486212666116444,-20.70657183,-22.075323537894292
21.84,23.4471098736376,30.66,30.93035267300729,4.53,3.9861409791569713,-21.61052156,-26.759909239801345
22.24,22.49423845864476,30.66,31.078428278051433,4.53,4.008128270937505,-25.89754619,-28.156819833180634
22.64,22.80015537424879,30.66,31.072931259826873,4.52,4.21441434759754,-30.44564256,-26.691988296544878
23.04,22.538707112134944,30.66,31.4823604280391,4.52,4.529894767017595,-44.66830024,-27.780276632140158
23.44,23.368822805930904,30.66,30.952042324424838,4.51,4.669004628225139,-28.67641271,-25.52673814931768
23.84,23.609430888767747,30.66,30.705928625146043,4.51,4.670446622936197,-25.69345404,-25.856163812539307
24.24,24.068864137427227,30.66,30.338942986170878,4.51,4.610872131897395,-22.78540889,-25.617784186004428
24.64,24.790740252179603,30.66,30.33131013305683,4.5,4.539771076562374,-19.99445922,-22.254188397171674
25.04,24.83722733272407,30.66,30.413849324759212,4.5,4.45454062987983,-18.7077641,-20.918710141646443
25.44,24.946659118459138,30.66,30.823792286988464,4.49,4.4039738173391925,-17.04928651,-17.732741310464917
25.84,24.687036029585215,30.66,30.997553108565626,4.49,4.402402089859152,-15.72799188,-15.706659547257004
26.24,24.33756234898283,30.66,30.93028167828743,4.49,4.48679732044684,-14.57025182,-13.077811945899157
16.24,15.554920943888646,31.06,30.57443335519929,3.3,3.345942061810547,-37.44094348,-35.83285051814164
16.64,16.435058230212235,31.06,30.42196813407645,4.09,4.326804939098565,-8.165320925,-6.838967355404748
17.04,16.863440285493198,31.06,31.628363268464454,4.0,4.1840345245959725,-9.416933589,-8.198811115435092
17.44,17.105775006928525,31.06,32.35468765611586,3.92,4.056339821161146,-10.44901785,-9.710908845270751
17.84,17.80181550985253,31.06,30.642149797131424,3.87,3.905402135512759,-11.68684844,-10.627096446900396
18.24,18.1196515948086,31.06,31.001771297262167,3.79,3.77134106317817,-12.81443382,-12.03610562576796
18.64,18.657294529517458,31.06,29.62699130953115,3.73,3.65325238352807,-13.93042433,-12.992011207825271
19.04,19.054284926705805,31.06,29.40277299990703,3.66,3.561646721654597,-14.98815258,-14.367811611591605
19.44,19.553281395636077,31.06,29.46901920264645,3.59,3.4955285209812246,-16.1037085,-15.77737968970905
19.84,20.144961995973063,31.06,28.67805945321743,3.53,3.4661530781245347,-17.17312493,-16.91468498224276
20.24,20.664148256675617,31.06,28.298056267449283,3.47,3.480130693127194,-18.14541308,-18.04899856002885
20.64,20.774321226983375,31.06,28.450605774021824,3.41,3.558551330957471,-18.68755056,-19.113208859431325
21.04,20.98685718283923,31.06,29.131970905305934,3.35,3.6673926897724414,-19.2340454,-20.04105883531156
21.44,20.646145252421775,31.06,29.09792591900623,3.3,3.8225906867096455,-19.06799078,-20.875940559402807
21.84,23.579822721103483,31.06,31.2320640009857,4.48,3.9547156117710074,-20.39719329,-25.320536296552746
22.24,22.90149667527112,31.06,31.256660369996098,4.48,4.004538268383385,-23.79213439,-27.40096693226951
22.64,22.906022713284983,31.06,31.606793674829532,4.47,4.056579940015126,-27.91578292,-26.65493912503007
23.04,22.89879789009683,31.06,31.34643452738237,4.47,4.297493793137164,-30.12102472,-28.377177225629566
23.44,23.664556468442242,31.06,31.258835799482767,4.46,4.568200710922156,-31.1913786,-26.70535511217895
23.84,23.535065675283477,31.06,31.509164142611553,4.46,4.675751391108406,-29.43702772,-27.517001236992655
24.24,24.39525052625504,31.06,30.876402496782248,4.45,4.6142041774087375,-24.33445421,-24.858065863809315
24.64,24.566498427271654,31.06,30.797925015169312,4.45,4.540271475890677,-22.67316118,-24.431776035315124
25.04,24.73208114245608,31.06,30.71461074410763,4.45,4.4497197852119825,-20.46291234,-23.151525133958785
25.44,24.71054977719723,31.06,30.874313474239898,4.45,4.3894743745418054,-18.36878771,-20.89812348058331
25.84,24.76638624680163,31.06,31.118188059030217,4.44,4.3487663256323685,-17.03122303,-17.140470537095098
26.24,24.39206177997221,31.06,31.172643477868405,4.44,4.414868811008546,-15.64417761,-13.842976398969768
16.24,15.69869855005345,31.46,30.57443335519929,3.3,3.3630765273351244,-37.44094348,-35.627394535782514
16.64,18.114807176954855,31.46,30.83755968855985,4.58,4.37829437485334,-7.942042822,-7.544038420513971
17.04,18.56739822868076,31.46,31.56381049945776,4.57,4.335598745493826,-8.467361564,-10.803203870978905
17.44,16.53871915250602,31.46,33.02784971271467,3.91,4.168842481064985,-9.421106449,-10.351206374558387
17.84,17.64090354021573,31.46,30.90864679608785,3.87,3.9477250734721565,-10.85459855,-10.708035453426419
18.24,18.070835505377545,31.46,31.303265138543793,3.79,3.789059410869868,-11.91474534,-11.548593798157526
18.64,18.647242407661906,31.46,30.977790195160196,3.72,3.646618023698011,-13.05777831,-12.393462014821125
19.04,18.975688807053302,31.46,29.77250084282423,3.66,3.5508230593345615,-13.8934951,-13.102407202095492
19.44,19.62230653757979,31.46,29.78357775225595,3.59,3.4711762637248285,-15.09545417,-14.264210123074008
19.84,19.91140920968428,31.46,29.00028265164292,3.53,3.4497788313251476,-15.88272868,-15.264523919177009
20.24,20.423925239940218,31.46,28.52825256845972,3.47,3.46217316922548,-16.8399611,-16.36454416808556
20.64,20.924276944830126,31.46,28.537250665263855,3.41,3.5175242421478288,-17.75368882,-17.504695294162957
21.04,20.829771941525905,31.46,29.12915807614627,3.35,3.627023986229233,-18.07717966,-18.62612579992856
21.44,20.35167886261297,31.46,30.25320313447446,3.29,3.7557708283507054,-17.92641851,-19.68934399887803
21.84,23.560409097290176,31.46,31.605648585551535,4.43,3.915466500367529,-19.12332566,-23.2579505641188
22.24,23.26752482028496,31.46,31.513099455813062,4.43,4.058087432329103,-21.48908308,-25.983406163490145
22.64,23.208640515162188,31.46,31.765321807542932,4.42,4.075163853785398,-25.31205986,-25.970512404775945
23.04,23.658086873938373,31.46,31.91962635652453,4.41,4.189319818391141,-27.74691076,-25.43603925567004
23.44,24.596717457983686,31.46,30.643761782164802,4.41,4.483834253152509,-35.45175187,-27.311829513608245
23.84,24.15572996159426,31.46,31.46224034712941,4.41,4.618576872185713,-33.39938006,-28.667842794413446
24.24,24.32508620005501,31.46,31.929924781041336,4.4,4.574809430670484,-28.56290755,-26.43395862329635
24.64,24.447078937459082,31.46,31.475037421638262,4.4,4.537332283807245,-24.86168766,-26.336258668190567
25.04,24.641119585050546,31.46,31.15191855300509,4.4,4.473792582307851,-22.10857361,-25.256676246150164
25.44,25.06834735974371,31.46,31.179500472455402,4.39,4.381919618311713,-20.21820508,-21.515138886141358
25.84,24.91936741626523,31.46,31.21353121016,4.39,4.309829335188169,-18.66961395,-18.86018221473205
26.24,24.59024589272849,31.46,31.21041405836877,4.39,4.350109870190408,-17.04841885,-15.129621383006452
16.24,16.01795042640697,31.86,30.57443335519929,3.3,3.355288371030383,-37.44094348,-36.13677994252066
16.64,17.155227144538003,31.86,31.876433428682503,4.53,4.416360357726717,-7.790205528,-7.519466064841254
17.04,17.686323075320615,31.86,32.27719236195844,4.52,4.376956180197794,-8.363827617,-9.529768498818157
17.44,18.12244846985959,31.86,32.256082132531446,4.52,4.269674078439039,-8.927424253,-8.816775034851162
17.84,16.920254446884428,31.86,33.26263853321143,3.84,4.078850880972368,-9.767816126,-12.146656498051016
18.24,17.830493481769736,31.86,32.41751469824521,3.78,3.8519400906020564,-11.02247083,-12.058818662975682
18.64,18.6142568081832,31.86,31.229055178366252,3.72,3.675780640996436,-12.1685778,-12.062524250679417
19.04,18.951819501495265,31.86,31.16660168064118,3.65,3.553445189559625,-13.01671762,-12.570428510400234
19.44,19.654321886684556,31.86,30.04347319500812,3.59,3.4612510568636026,-14.12887868,-13.065756075520767
19.84,19.831647011507812,31.86,29.22987593676953,3.53,3.424616652142049,-14.79568671,-13.819105383212445
20.24,20.357783982266483,31.86,30.02518586612132,3.46,3.429392608225953,-15.84018829,-14.956206595496042
20.64,21.52787503824038,31.86,29.917920924330247,3.4,3.4749810388107107,-17.31778693,-16.056182175147114
21.04,20.758375305651498,31.86,29.090390092533198,3.35,3.5751138650607572,-17.0390373,-17.219656719331397
21.44,20.624148755361603,31.86,30.145549762019073,3.29,3.6910263079566903,-17.28633582,-18.581798520608572
21.84,23.35447504493459,31.86,31.96410937818291,4.38,3.856722624791928,-18.0249612,-20.68255224332097
22.24,23.74725431157094,31.86,31.769685710736667,4.37,4.0708615284906955,-20.14847045,-21.593377135432092
22.64,23.5019189333525,31.86,31.860727594888886,4.37,4.19805524405956,-22.79510663,-24.72450735021266
23.04,23.819854593863056,31.86,32.15965136660088,4.36,4.243546973456887,-25.6222331,-24.915852422564058
23.44,23.883890569586583,31.86,32.11974052149162,4.36,4.160876591567558,-31.47161563,-27.414295151102124
23.84,24.800632227239475,31.86,30.304068086392363,4.36,4.5768186414875345,-37.0021003,-29.370371846220223
24.24,23.816245725376575,31.86,32.17962248723779,4.36,4.459349037273114,-30.83278676,-30.54466670306283
24.64,24.43566406328864,31.86,32.57100131311745,4.35,4.43775596632031,-28.60757477,-28.021680639329134
25.04,24.526073674000145,31.86,31.893743798558717,4.35,4.45335529736758,-24.48243084,-27.28620859674993
25.44,25.12727687379629,31.86,31.629263549417374,4.34,4.39027282851157,-22.12616208,-23.58060088494676
25.84,25.047197561330904,31.86,31.527077869701316,4.34,4.3009340889925625,-20.39693063,-20.920227075199364
26.24,24.802048048293727,31.86,31.344510172333685,4.34,4.321602996272759,-18.56841594,-16.994631380977808
16.24,16.462302107624055,32.26,30.57443335519929,3.3,3.3110635454154362,-37.44094348,-37.60339844270493
16.64,16.56911210337239,32.26,32.05698912825028,4.5,4.420689063279042,-7.802458096,-5.4718057948339265
17.04,17.00270195802841,32.26,32.59584470397385,4.48,4.444916351088523,-8.257492945,-8.163516124215676
17.44,17.299597498376897,32.26,33.04687671719876,4.46,4.4132867997918765,-8.538752765,-9.600932600646047
17.84,17.82386281230538,32.26,32.45082203236234,4.46,4.224359453409761,-9.216114075,-7.541183644178091
18.24,17.746035045505778,32.26,32.47195548565651,3.78,3.9741451175300426,-10.26188402,-13.187658077542437
18.64,18.521296714197888,32.26,32.426474999942,3.71,3.7593520952009385,-11.3459356,-12.652325782197295
19.04,19.160227489015597,32.26,31.31020121871552,3.65,3.5977902617682957,-12.30852976,-12.246889761387138
19.44,19.55330213167872,32.26,30.25608618937258,3.59,3.4855745765175925,-13.09319698,-12.227553679113043
19.84,20.23004090692666,32.26,30.650154948132695,3.52,3.42384158836785,-14.23584801,-12.810626126796706
20.24,20.757267950479218,32.26,30.117863707142533,3.46,3.4187895481386477,-15.18086353,-13.52743554484914
20.64,21.078242860208775,32.26,30.034331386632402,3.4,3.463926636768065,-15.95038215,-14.573591840890003
21.04,20.73178531814301,32.26,30.465616950721596,3.34,3.5276366671837422,-16.12659255,-15.917559485620586
21.44,20.47172452893392,32.26,29.928555660197162,3.29,3.6065815481792924,-16.23866668,-17.433324009150965
21.84,23.01713658211338,32.26,32.28746199836314,4.33,3.786693383322472,-17.02873223,-17.707059999665944
22.24,23.570559754936767,32.26,32.0917290411453,4.32,4.073352133267235,-18.87550588,-19.288295760954497
22.64,23.523449795580746,32.26,32.06596517127764,4.32,4.294401091764939,-21.29008151,-23.00921883081901
23.04,23.30603574329689,32.26,32.275479870222625,4.32,4.4201887840840755,-23.4246606,-26.658806861116318
23.44,23.71541740052453,32.26,32.514309233476524,4.31,4.391636915979234,-26.47479546,-27.091558607964544
23.84,23.78010499579068,32.26,32.31055795955763,4.31,4.2254819415916245,-31.37677976,-29.699317281803815
24.24,23.813695280432512,32.26,32.20141257888463,4.31,4.3221470585790485,-31.73286858,-31.510936886741547
24.64,24.951153278552738,32.26,32.55364079908759,4.3,4.296186840053906,-34.21058301,-29.559308956115274
25.04,24.427225896388336,32.26,32.99301062252198,4.3,4.308439862850264,-27.73626194,-29.31176269959542
25.44,24.518993274394234,32.26,32.364464459664305,4.3,4.369030955227117,-24.26502529,-27.71988845357555
25.84,25.125417474015194,32.26,32.21834561841388,4.29,4.246084610663729,-22.56183863,-23.39881016893196
26.24,24.994322723445293,32.26,31.730872745465604,4.29,4.272087850194566,-20.43151796,-19.521036155725596
16.24,16.961489655803234,32.66,30.57443335519929,3.3,3.2190768612576903,-37.44094348,-40.265514645696385
16.64,16.226450017244133,32.66,32.34590161436063,4.45,4.506909480923696,-7.668328134,-10.146653024450643
17.04,16.527435946887636,32.66,32.96678964678722,4.43,4.6179432761941825,-7.988643294,-10.788772509171395
17.44,17.01849685140587,32.66,32.623535169885145,4.42,4.531447005481368,-8.555689339,-8.91541769678588
17.84,17.41491859528287,32.66,32.26512240724696,4.41,4.393040150878278,-9.03068521,-6.977311872149585
18.24,17.87650939266132,32.66,31.56386295684206,4.4,4.182071056560289,-9.628820599,-5.358405886421679
18.64,18.623173011319523,32.66,32.459662129942444,3.71,3.9248334723174594,-10.62842792,-13.725316736119566
19.04,19.278999335916524,32.66,32.57367136098037,3.64,3.7199663236619926,-11.58022214,-12.68445442218217
19.44,19.924530499205503,32.66,31.59229803895869,3.58,3.5702859229872956,-12.54479954,-11.977411883388413
19.84,20.20134263249747,32.66,30.774448766678688,3.52,3.473064078958032,-13.22445974,-11.819020302471472
20.24,20.78086666163108,32.66,30.20735309338488,3.46,3.446267919143338,-14.20996471,-12.199598810839234
20.64,21.06499794148658,32.66,30.059437425705255,3.4,3.468528182821956,-14.95145316,-13.093324558780296
21.04,21.300854187893492,32.66,30.428840187567403,3.34,3.5442467639309143,-15.64618535,-14.476868435711367
21.44,20.69323383777919,32.66,31.269738505841815,3.28,3.570139988261417,-15.55472333,-16.348030776687665
21.84,22.615799232296922,32.66,32.55415836094471,4.28,3.718428733330711,-16.104311,-14.434714123344747
22.24,22.884592351094398,32.66,32.39350185620424,4.28,4.085816363361573,-17.92225629,-18.749816116614966
22.64,23.393900683497122,32.66,32.38300575602625,4.27,4.39497842931587,-19.8214829,-20.911640475242166
23.04,23.29034098883676,32.66,32.57907641302154,4.27,4.611772786980055,-21.78248043,-25.188283453899203
23.44,23.73900349577707,32.66,32.741531969586504,4.26,4.698314404123721,-24.03148029,-26.421302390954224
23.84,23.502695754837987,32.66,32.82461401629553,4.26,4.550225422973654,-27.26810794,-29.730656621715752
24.24,23.474439678799172,32.66,32.570586236033705,4.26,4.301068623296942,-30.89084538,-32.26026592563721
24.64,24.616288306335264,32.66,31.373475399872405,4.25,4.212276745508916,-36.09730229,-31.025836431159405
25.04,24.615984266447413,32.66,33.20716626099602,4.25,3.978226702581651,-35.55246893,-31.412777591700433
25.44,25.07772574145747,32.66,33.49137366942887,4.24,4.157851168195975,-27.40310107,-28.42195782039198
25.84,25.075230700835164,32.66,33.094781376144965,4.24,4.180676074910934,-24.70802302,-26.386112217995105
26.24,25.0493811414035,32.66,32.558325731384684,4.24,4.181375261943231,-22.54739923,-22.806213855947135
